,code,time_key,open,close,high,low,pe_ratio,turnover_rate,volume,turnover,change_rate
0,HK.00700,2015-01-02 00:00:00,112.16,111.36,112.16,109.86,44.248,0.001,10862542,1220211584.0,-0.446
1,HK.00700,2015-01-05 00:00:00,112.06,112.06,113.86,111.36,44.522,0.002,21808993,2486086912.0,0.628
2,HK.00700,2015-01-06 00:00:00,112.56,118.56,119.06,112.16,47.073,0.004,43678255,5141581312.0,5.8
3,HK.00700,2015-01-07 00:00:00,122.06,122.96,123.06,121.16,48.798,0.004,40863410,5057406976.0,3.711
4,HK.00700,2015-01-08 00:00:00,126.06,125.86,126.36,124.16,49.936,0.003,35638986,4519758848.0,2.358
5,HK.00700,2015-01-09 00:00:00,127.56,125.76,127.56,125.06,49.896,0.003,31842127,4069000192.0,-0.079
6,HK.00700,2015-01-12 00:00:00,127.56,125.66,127.56,124.76,49.858,0.001,17880972,2282035968.0,-0.079
7,HK.00700,2015-01-13 00:00:00,123.86,126.36,126.86,123.76,50.131,0.001,16843125,2132819968.0,0.557
8,HK.00700,2015-01-14 00:00:00,125.26,124.56,126.26,123.66,49.425,0.001,16843739,2125967616.0,-1.424
9,HK.00700,2015-01-15 00:00:00,123.76,125.46,125.56,122.66,49.778,0.001,16002378,2004988416.0,0.722
10,HK.00700,2015-01-16 00:00:00,123.56,120.46,123.56,120.16,47.818,0.002,25227234,3101842176.0,-3.985
11,HK.00700,2015-01-19 00:00:00,122.86,121.56,123.76,120.76,48.249,0.002,21595530,2670949888.0,0.913
12,HK.00700,2015-01-20 00:00:00,122.06,122.66,123.36,121.86,48.68,0.001,10194009,1265262080.0,0.904
13,HK.00700,2015-01-21 00:00:00,124.76,127.26,127.46,123.76,50.485,0.003,33788560,4325056512.0,3.75
14,HK.00700,2015-01-22 00:00:00,129.06,130.16,130.56,128.26,51.623,0.004,39063807,5131141632.0,2.278
15,HK.00700,2015-01-23 00:00:00,133.16,131.26,133.46,129.66,52.054,0.003,29965533,3985633536.0,0.845
16,HK.00700,2015-01-26 00:00:00,135.26,135.56,135.66,132.86,53.741,0.003,34952624,4756450816.0,3.275
17,HK.00700,2015-01-27 00:00:00,136.56,134.56,136.56,131.56,53.348,0.002,24455759,3309849088.0,-0.737
18,HK.00700,2015-01-28 00:00:00,135.46,135.46,135.56,133.26,53.701,0.001,16216906,2210620160.0,0.668
19,HK.00700,2015-01-29 00:00:00,134.56,133.16,134.96,132.36,52.799,0.001,14636100,1975268992.0,-1.697
20,HK.00700,2015-01-30 00:00:00,134.06,130.56,134.06,128.06,51.779,0.003,29375696,3861282304.0,-1.952
21,HK.00700,2015-02-02 00:00:00,128.46,134.36,135.36,128.46,53.284,0.001,17654028,2366613248.0,2.91
22,HK.00700,2015-02-03 00:00:00,134.06,133.66,135.86,131.56,53.009,0.001,14377641,1943465088.0,-0.52
23,HK.00700,2015-02-04 00:00:00,134.06,132.46,134.66,131.86,52.539,0.001,9499394,1279103872.0,-0.897
24,HK.00700,2015-02-05 00:00:00,135.56,133.76,135.56,131.56,53.049,0.001,18010768,2431559680.0,0.981
25,HK.00700,2015-02-06 00:00:00,135.36,132.76,135.36,132.56,52.657,0.001,10914852,1474924160.0,-0.747
26,HK.00700,2015-02-09 00:00:00,132.16,131.16,132.16,130.36,52.028,0.001,12443319,1651506176.0,-1.205
27,HK.00700,2015-02-10 00:00:00,131.16,131.56,132.56,130.56,52.186,0.001,14000857,1862360448.0,0.304
28,HK.00700,2015-02-11 00:00:00,132.56,130.16,132.56,129.96,51.637,0.001,12131156,1603931776.0,-1.064
29,HK.00700,2015-02-12 00:00:00,128.56,128.16,129.46,126.56,50.852,0.002,24028028,3110803968.0,-1.536
30,HK.00700,2015-02-13 00:00:00,128.16,128.76,130.86,127.66,51.088,0.001,15469704,2020402048.0,0.468
31,HK.00700,2015-02-16 00:00:00,128.66,129.06,130.86,128.56,51.205,0.001,10168868,1331246848.0,0.232
32,HK.00700,2015-02-17 00:00:00,128.56,129.36,130.56,128.56,51.323,0.0,8379920,1097939968.0,0.232
33,HK.00700,2015-02-18 00:00:00,129.66,128.46,129.96,128.06,50.97,0.0,7286722,948242304.0,-0.695
34,HK.00700,2015-02-23 00:00:00,131.26,133.36,133.86,129.66,52.893,0.002,24232835,3231159040.0,3.814
35,HK.00700,2015-02-24 00:00:00,134.56,133.66,134.96,132.36,53.009,0.001,17218597,2322235392.0,0.224
36,HK.00700,2015-02-25 00:00:00,132.56,134.36,134.96,132.16,53.284,0.002,18941918,2563308800.0,0.523
37,HK.00700,2015-02-26 00:00:00,132.86,134.16,134.96,132.86,53.206,0.002,21657792,2937660416.0,-0.148
38,HK.00700,2015-02-27 00:00:00,134.56,134.46,135.26,133.26,53.324,0.001,17961525,2445592576.0,0.223
39,HK.00700,2015-03-02 00:00:00,135.26,135.26,135.56,132.56,53.638,0.001,12685566,1722317184.0,0.594
40,HK.00700,2015-03-03 00:00:00,135.76,133.86,136.56,133.56,53.089,0.001,17615622,2410090496.0,-1.035
41,HK.00700,2015-03-04 00:00:00,132.96,131.86,133.26,131.56,52.304,0.001,12376013,1656790400.0,-1.494
42,HK.00700,2015-03-05 00:00:00,130.66,130.66,133.16,130.36,51.833,0.001,12315630,1632833792.0,-0.91
43,HK.00700,2015-03-06 00:00:00,130.76,130.26,131.66,129.56,51.675,0.001,13871148,1828624384.0,-0.306
44,HK.00700,2015-03-09 00:00:00,130.56,130.76,132.26,129.36,51.872,0.001,13163789,1746557184.0,0.383
45,HK.00700,2015-03-10 00:00:00,131.36,129.66,131.36,129.26,51.441,0.001,13021256,1711812352.0,-0.841
46,HK.00700,2015-03-11 00:00:00,130.06,130.26,131.06,129.66,51.675,0.001,14168960,1866004224.0,0.462
47,HK.00700,2015-03-12 00:00:00,129.46,130.36,130.76,128.76,51.715,0.001,17080308,2242463232.0,0.076
48,HK.00700,2015-03-13 00:00:00,131.56,132.16,133.36,130.26,52.422,0.001,15454313,2056874624.0,1.38
49,HK.00700,2015-03-16 00:00:00,131.56,134.16,134.86,130.26,53.206,0.002,22713746,3064069888.0,1.513
50,HK.00700,2015-03-17 00:00:00,135.86,132.36,136.06,131.66,52.5,0.002,19181089,2590353152.0,-1.341
51,HK.00700,2015-03-18 00:00:00,133.06,134.46,135.86,132.76,53.324,0.002,22928460,3118424576.0,1.586
52,HK.00700,2015-03-19 00:00:00,136.56,143.56,143.86,135.26,56.895,0.006,64092649,9008983040.0,6.767
53,HK.00700,2015-03-20 00:00:00,144.96,141.16,147.36,139.66,55.952,0.007,71270140,10304974848.0,-1.671
54,HK.00700,2015-03-23 00:00:00,142.66,143.76,145.06,141.26,56.972,0.003,30768023,4457895424.0,1.841
55,HK.00700,2015-03-24 00:00:00,145.06,141.56,145.16,141.26,56.11,0.001,16676318,2401519872.0,-1.53
56,HK.00700,2015-03-25 00:00:00,141.56,141.26,143.66,140.16,55.992,0.002,20819852,2978300672.0,-0.211
57,HK.00700,2015-03-26 00:00:00,140.46,139.36,141.36,139.16,55.247,0.001,18603859,2632484352.0,-1.345
58,HK.00700,2015-03-27 00:00:00,141.56,140.46,141.56,138.86,55.678,0.001,15824137,2234406656.0,0.789
59,HK.00700,2015-03-30 00:00:00,144.36,143.26,145.36,142.56,56.777,0.002,23524599,3422796288.0,1.993
60,HK.00700,2015-03-31 00:00:00,149.96,145.76,149.96,144.76,57.757,0.002,24094107,3561174016.0,1.745
61,HK.00700,2015-04-01 00:00:00,147.16,146.56,147.16,145.16,56.895,0.001,17165427,2535344640.0,0.548
62,HK.00700,2015-04-02 00:00:00,147.46,148.36,148.56,145.86,57.587,0.001,14679077,2180384512.0,1.228
63,HK.00700,2015-04-08 00:00:00,150.56,153.06,153.56,149.56,59.394,0.003,36667141,5589718528.0,3.167
64,HK.00700,2015-04-09 00:00:00,157.56,158.46,168.96,157.06,61.47,0.007,66854985,10888115200.0,3.528
65,HK.00700,2015-04-10 00:00:00,159.56,160.36,162.56,156.66,62.2,0.003,37095477,5936557056.0,1.199
66,HK.00700,2015-04-13 00:00:00,163.56,169.06,169.56,161.06,65.544,0.004,43723010,7281736704.0,5.425
67,HK.00700,2015-04-14 00:00:00,159.96,159.76,162.46,154.96,61.969,0.006,58987811,9535053824.0,-5.501
68,HK.00700,2015-04-15 00:00:00,158.56,156.16,158.56,154.06,60.585,0.004,46318846,7299074560.0,-2.253
69,HK.00700,2015-04-16 00:00:00,154.76,158.56,160.06,153.56,61.507,0.003,32520260,5157950976.0,1.536
70,HK.00700,2015-04-17 00:00:00,156.56,157.36,159.26,156.56,61.047,0.002,21772150,3468774912.0,-0.756
71,HK.00700,2015-04-20 00:00:00,158.46,151.66,158.46,151.06,58.855,0.003,28448233,4423990784.0,-3.622
72,HK.00700,2015-04-21 00:00:00,151.56,157.66,158.36,151.56,61.161,0.002,23255563,3674385408.0,3.956
73,HK.00700,2015-04-22 00:00:00,157.16,161.26,162.86,157.16,62.546,0.002,25276421,4100308736.0,2.283
74,HK.00700,2015-04-23 00:00:00,163.36,159.46,164.16,159.26,61.854,0.002,22779722,3720041728.0,-1.116
75,HK.00700,2015-04-24 00:00:00,159.96,160.16,161.46,158.06,62.123,0.002,19135718,3085735936.0,0.438
76,HK.00700,2015-04-27 00:00:00,160.16,161.16,163.46,160.16,62.507,0.002,19957318,3260535552.0,0.624
77,HK.00700,2015-04-28 00:00:00,160.66,162.16,162.86,159.56,62.891,0.002,20240258,3304086784.0,0.62
78,HK.00700,2015-04-29 00:00:00,162.86,162.76,163.96,161.06,63.123,0.002,20721910,3397078016.0,0.369
79,HK.00700,2015-04-30 00:00:00,162.56,159.46,162.56,159.26,61.854,0.002,21427069,3463907328.0,-2.027
80,HK.00700,2015-05-04 00:00:00,158.06,156.56,159.66,156.16,60.741,0.002,22296365,3541306112.0,-1.818
81,HK.00700,2015-05-05 00:00:00,157.06,156.16,159.36,154.26,60.588,0.002,19543958,3087540224.0,-0.255
82,HK.00700,2015-05-06 00:00:00,153.56,154.56,157.76,153.56,59.972,0.002,19532689,3068009728.0,-1.024
83,HK.00700,2015-05-07 00:00:00,153.56,151.56,154.46,150.36,58.819,0.002,19846609,3054838016.0,-1.94
84,HK.00700,2015-05-08 00:00:00,154.56,152.56,156.56,152.26,59.203,0.001,18108540,2813991936.0,0.659
85,HK.00700,2015-05-11 00:00:00,153.86,157.16,159.06,153.86,60.972,0.002,20799436,3301970944.0,3.015
86,HK.00700,2015-05-12 00:00:00,158.56,155.56,160.36,155.26,60.356,0.002,21883049,3486350848.0,-1.018
87,HK.00700,2015-05-13 00:00:00,155.56,155.36,158.16,154.46,60.279,0.002,19515010,3068016896.0,-0.128
88,HK.00700,2015-05-14 00:00:00,161.06,159.86,162.46,158.56,62.009,0.002,25890282,4181339648.0,2.896
89,HK.00700,2015-05-15 00:00:00,161.32,161.22,162.52,159.92,62.394,0.002,21641819,3515034368.0,0.85
90,HK.00700,2015-05-18 00:00:00,161.62,160.02,162.12,159.32,61.932,0.001,14011955,2264074752.0,-0.744
91,HK.00700,2015-05-19 00:00:00,161.22,160.32,161.22,159.22,62.048,0.001,12579491,2033321472.0,0.187
92,HK.00700,2015-05-20 00:00:00,160.12,157.52,160.72,157.02,60.972,0.001,16456399,2623265536.0,-1.746
93,HK.00700,2015-05-21 00:00:00,154.92,155.72,156.82,154.92,60.279,0.001,18025800,2827105024.0,-1.142
94,HK.00700,2015-05-22 00:00:00,157.82,157.72,158.82,156.12,61.048,0.001,13982555,2225900544.0,1.284
95,HK.00700,2015-05-26 00:00:00,160.82,157.72,161.12,157.42,61.048,0.002,20910776,3346214656.0,0.0
96,HK.00700,2015-05-27 00:00:00,158.52,156.82,158.52,156.02,60.702,0.001,16379279,2593809408.0,-0.57
97,HK.00700,2015-05-28 00:00:00,158.12,154.12,158.12,152.52,59.665,0.002,24286498,3786592768.0,-1.721
98,HK.00700,2015-05-29 00:00:00,155.02,154.62,157.22,153.62,59.856,0.002,25152042,3929626112.0,0.324
99,HK.00700,2015-06-01 00:00:00,154.62,155.02,157.32,153.02,60.015,0.001,14858074,2329438720.0,0.258
100,HK.00700,2015-06-02 00:00:00,155.12,156.12,156.92,153.92,60.438,0.001,14758218,2314907136.0,0.709
101,HK.00700,2015-06-03 00:00:00,156.92,157.02,157.82,156.22,60.784,0.001,13953029,2207746048.0,0.576
102,HK.00700,2015-06-04 00:00:00,158.42,156.72,158.42,153.62,60.669,0.002,21292534,3354168832.0,-0.191
103,HK.00700,2015-06-05 00:00:00,156.72,153.62,156.92,153.42,59.478,0.001,15070109,2352000256.0,-1.978
104,HK.00700,2015-06-08 00:00:00,152.12,154.02,154.82,151.02,59.631,0.001,16895962,2613655296.0,0.26
105,HK.00700,2015-06-09 00:00:00,153.92,153.92,154.72,152.22,59.592,0.001,14262008,2200920576.0,-0.064
106,HK.00700,2015-06-10 00:00:00,155.52,152.12,155.52,151.92,58.901,0.001,13478696,2084213248.0,-1.169
107,HK.00700,2015-06-11 00:00:00,154.32,153.22,154.52,152.62,59.324,0.001,13415613,2074870656.0,0.723
108,HK.00700,2015-06-12 00:00:00,154.92,156.12,156.42,153.82,60.438,0.001,12360748,1929786496.0,1.892
109,HK.00700,2015-06-15 00:00:00,157.22,154.12,157.32,153.52,59.669,0.001,12399316,1936976768.0,-1.281
110,HK.00700,2015-06-16 00:00:00,152.92,153.02,154.42,152.42,59.247,0.001,9635851,1487597824.0,-0.713
111,HK.00700,2015-06-17 00:00:00,155.62,153.22,155.62,152.52,59.324,0.001,13205252,2047004544.0,0.13
112,HK.00700,2015-06-18 00:00:00,153.42,153.22,154.52,151.92,59.324,0.0,8858809,1369486080.0,0.0
113,HK.00700,2015-06-19 00:00:00,154.52,153.12,154.72,152.92,59.285,0.001,13683510,2120344192.0,-0.065
114,HK.00700,2015-06-22 00:00:00,154.62,155.92,156.82,153.52,60.361,0.001,14329860,2235337984.0,1.828
115,HK.00700,2015-06-23 00:00:00,157.92,157.02,157.92,155.42,60.784,0.001,13925426,2198359296.0,0.705
116,HK.00700,2015-06-24 00:00:00,158.12,162.62,162.72,157.52,62.937,0.002,21820993,3525225472.0,3.566
117,HK.00700,2015-06-25 00:00:00,162.22,160.92,162.52,160.32,62.284,0.001,13786092,2237769216.0,-1.045
118,HK.00700,2015-06-26 00:00:00,160.72,158.82,160.72,158.12,61.477,0.002,19385770,3106919424.0,-1.305
119,HK.00700,2015-06-29 00:00:00,158.12,152.02,158.82,148.92,58.862,0.003,28302623,4358572544.0,-4.281
120,HK.00700,2015-06-30 00:00:00,150.92,153.62,154.92,150.12,59.478,0.002,19856606,3058167808.0,1.052
121,HK.00700,2015-07-02 00:00:00,153.92,155.42,156.82,153.92,56.54,0.002,22641633,3545331456.0,1.171
122,HK.00700,2015-07-03 00:00:00,154.42,154.02,155.22,151.92,56.034,0.001,13168577,2038585472.0,-0.9
123,HK.00700,2015-07-06 00:00:00,152.62,145.42,154.92,138.92,52.926,0.005,47555488,6928585216.0,-5.583
124,HK.00700,2015-07-07 00:00:00,148.92,143.62,148.92,140.42,52.277,0.002,27019385,3907315200.0,-1.237
125,HK.00700,2015-07-08 00:00:00,140.42,133.72,140.42,130.32,48.7,0.007,72909743,9880156160.0,-6.893
126,HK.00700,2015-07-09 00:00:00,136.32,144.92,147.22,136.32,52.747,0.004,45436348,6535258112.0,8.375
127,HK.00700,2015-07-10 00:00:00,148.92,147.82,152.42,147.22,53.793,0.003,36068428,5397045760.0,2.001
128,HK.00700,2015-07-13 00:00:00,148.92,149.42,150.52,145.02,54.373,0.002,18856475,2821918720.0,1.082
129,HK.00700,2015-07-14 00:00:00,150.92,150.62,152.22,148.92,54.805,0.001,18064003,2734974464.0,0.803
130,HK.00700,2015-07-15 00:00:00,151.62,148.92,151.62,147.02,54.192,0.001,15568967,2328545792.0,-1.128
131,HK.00700,2015-07-16 00:00:00,148.12,148.92,149.42,145.92,54.192,0.001,13052255,1949597568.0,0.0
132,HK.00700,2015-07-17 00:00:00,150.72,152.52,153.22,149.52,55.493,0.001,13958044,2142574976.0,2.417
133,HK.00700,2015-07-20 00:00:00,154.92,154.42,156.82,154.02,56.179,0.001,16117359,2519269632.0,1.245
134,HK.00700,2015-07-21 00:00:00,156.32,155.52,156.32,153.52,56.576,0.001,10842641,1693670656.0,0.712
135,HK.00700,2015-07-22 00:00:00,154.92,153.42,154.92,151.92,55.818,0.001,10289018,1586301056.0,-1.35
136,HK.00700,2015-07-23 00:00:00,155.42,153.42,155.42,152.32,55.818,0.001,11387482,1760807040.0,0.0
137,HK.00700,2015-07-24 00:00:00,151.92,150.42,151.92,149.42,54.734,0.001,11377581,1728653184.0,-1.955
138,HK.00700,2015-07-27 00:00:00,149.22,144.52,149.72,143.92,52.602,0.002,21263230,3114347008.0,-3.922
139,HK.00700,2015-07-28 00:00:00,141.52,145.42,148.62,140.02,52.926,0.002,25150092,3669694464.0,0.622
140,HK.00700,2015-07-29 00:00:00,144.82,143.32,145.42,141.42,52.168,0.002,22689923,3273351936.0,-1.444
141,HK.00700,2015-07-30 00:00:00,144.52,141.72,145.42,141.42,51.59,0.001,15637416,2252458752.0,-1.116
142,HK.00700,2015-07-31 00:00:00,143.02,143.62,144.02,141.42,52.402,0.001,14412023,2075017344.0,1.34
143,HK.00700,2015-08-03 00:00:00,142.92,142.92,143.72,141.02,52.148,0.001,11535567,1655402496.0,-0.487
144,HK.00700,2015-08-04 00:00:00,141.12,141.92,142.92,140.12,51.786,0.001,16430821,2341441792.0,-0.699
145,HK.00700,2015-08-05 00:00:00,140.92,141.32,141.62,139.42,51.569,0.001,11755606,1666125312.0,-0.422
146,HK.00700,2015-08-06 00:00:00,142.62,139.82,142.62,138.12,51.026,0.001,14192153,1997259136.0,-1.061
147,HK.00700,2015-08-07 00:00:00,137.92,141.02,141.32,137.92,51.46,0.001,10787723,1525042688.0,0.858
148,HK.00700,2015-08-10 00:00:00,138.92,141.72,142.12,137.52,51.714,0.001,11273204,1591767168.0,0.496
149,HK.00700,2015-08-11 00:00:00,141.72,139.72,144.82,139.52,50.99,0.001,15363733,2197335296.0,-1.411
150,HK.00700,2015-08-12 00:00:00,138.92,133.82,139.32,132.82,48.853,0.004,39624466,5384875008.0,-4.222
151,HK.00700,2015-08-13 00:00:00,136.82,143.02,144.42,136.32,52.185,0.004,41726996,5944717824.0,6.874
152,HK.00700,2015-08-14 00:00:00,143.92,142.32,144.32,141.62,51.931,0.001,16236945,2338457344.0,-0.489
153,HK.00700,2015-08-17 00:00:00,142.72,140.92,142.72,139.22,51.424,0.001,17206579,2442406400.0,-0.983
154,HK.00700,2015-08-18 00:00:00,141.42,138.32,143.22,138.12,50.483,0.001,12764689,1805982208.0,-1.845
155,HK.00700,2015-08-19 00:00:00,138.52,138.52,140.32,137.52,50.555,0.001,16701751,2335030016.0,0.144
156,HK.00700,2015-08-20 00:00:00,136.52,135.12,137.32,133.92,49.324,0.002,25920784,3532244480.0,-2.454
157,HK.00700,2015-08-21 00:00:00,130.92,130.52,132.32,128.92,47.658,0.003,37570798,4961181696.0,-3.404
158,HK.00700,2015-08-24 00:00:00,126.92,123.92,127.72,123.92,45.268,0.005,47662819,6003661824.0,-5.056
159,HK.00700,2015-08-25 00:00:00,124.12,129.82,134.42,122.92,47.404,0.005,50911438,6637129216.0,4.761
160,HK.00700,2015-08-26 00:00:00,130.82,127.52,131.32,126.92,46.571,0.003,31856059,4139134208.0,-1.771
161,HK.00700,2015-08-27 00:00:00,133.72,131.12,133.82,126.12,47.875,0.004,42911539,5621671936.0,2.823
162,HK.00700,2015-08-28 00:00:00,133.92,129.62,135.12,128.92,47.332,0.003,34237348,4541627904.0,-1.143
163,HK.00700,2015-08-31 00:00:00,131.42,130.72,132.52,128.42,47.73,0.002,19690717,2581579008.0,0.848
164,HK.00700,2015-09-01 00:00:00,130.62,126.12,131.32,125.92,46.069,0.002,20415401,2646751232.0,-3.518
165,HK.00700,2015-09-02 00:00:00,124.12,126.32,129.42,124.12,46.141,0.002,26117442,3330047744.0,0.158
166,HK.00700,2015-09-04 00:00:00,128.82,126.32,129.12,125.52,46.141,0.001,18271615,2333942784.0,0.0
167,HK.00700,2015-09-07 00:00:00,125.52,125.32,128.22,124.72,45.779,0.002,20902453,2662649600.0,-0.791
168,HK.00700,2015-09-08 00:00:00,124.92,128.32,129.62,124.02,46.866,0.002,23654805,3029498624.0,2.393
169,HK.00700,2015-09-09 00:00:00,129.72,132.52,133.92,128.92,48.388,0.002,27559930,3647172352.0,3.273
170,HK.00700,2015-09-10 00:00:00,129.92,127.52,130.42,127.42,46.576,0.002,19136985,2488086272.0,-3.773
171,HK.00700,2015-09-11 00:00:00,128.42,126.32,130.22,126.02,46.141,0.002,23620914,3050409472.0,-0.941
172,HK.00700,2015-09-14 00:00:00,126.52,126.92,128.32,126.22,46.359,0.001,13123067,1682381056.0,0.474
173,HK.00700,2015-09-15 00:00:00,126.92,130.12,130.82,126.52,47.518,0.002,19857043,2588697344.0,2.521
174,HK.00700,2015-09-16 00:00:00,131.42,134.32,134.82,131.42,49.04,0.002,24674497,3319453952.0,3.227
175,HK.00700,2015-09-17 00:00:00,136.52,133.22,136.62,130.52,48.64,0.002,24112543,3258775552.0,-0.818
176,HK.00700,2015-09-18 00:00:00,133.82,134.22,135.32,133.32,49.002,0.002,24299971,3292605952.0,0.75
177,HK.00700,2015-09-21 00:00:00,133.02,132.72,133.32,131.02,48.459,0.001,16577532,2214651904.0,-1.117
178,HK.00700,2015-09-22 00:00:00,133.82,131.32,133.82,130.92,47.952,0.002,19485692,2601057024.0,-1.054
179,HK.00700,2015-09-23 00:00:00,129.72,129.82,130.72,128.12,47.409,0.001,18242830,2380585472.0,-1.142
180,HK.00700,2015-09-24 00:00:00,129.82,129.62,130.72,129.02,47.337,0.001,16019651,2092731648.0,-0.154
181,HK.00700,2015-09-25 00:00:00,129.92,129.92,130.22,127.72,47.445,0.001,17783248,2316420608.0,0.231
182,HK.00700,2015-09-29 00:00:00,124.22,126.22,126.82,124.22,46.105,0.002,25050930,3178847232.0,-2.847
183,HK.00700,2015-09-30 00:00:00,129.92,128.22,129.92,126.52,46.83,0.002,23769516,3081052416.0,1.584
184,HK.00700,2015-10-02 00:00:00,130.72,134.42,134.72,130.02,45.717,0.003,28503970,3813607424.0,4.835
185,HK.00700,2015-10-05 00:00:00,138.42,138.62,139.12,137.62,47.134,0.002,24743294,3452175104.0,3.124
186,HK.00700,2015-10-06 00:00:00,140.72,138.52,140.82,136.92,47.101,0.002,19053422,2656840192.0,-0.072
187,HK.00700,2015-10-07 00:00:00,139.12,140.92,141.22,137.02,47.91,0.002,21423777,2999338752.0,1.732
188,HK.00700,2015-10-08 00:00:00,142.42,141.02,142.42,139.52,47.944,0.001,16995119,2412604416.0,0.07
189,HK.00700,2015-10-09 00:00:00,142.92,140.82,143.02,139.02,47.876,0.001,15730378,2233261568.0,-0.141
190,HK.00700,2015-10-12 00:00:00,142.62,142.92,142.92,140.32,48.585,0.001,13815267,1971587200.0,1.491
191,HK.00700,2015-10-13 00:00:00,142.72,141.82,142.72,140.52,48.215,0.001,10375929,1479721600.0,-0.769
192,HK.00700,2015-10-14 00:00:00,141.92,141.52,142.42,140.52,48.113,0.001,11251300,1603345920.0,-0.211
193,HK.00700,2015-10-15 00:00:00,141.32,143.92,144.42,140.62,48.923,0.001,15304711,2210568448.0,1.695
194,HK.00700,2015-10-16 00:00:00,146.52,145.52,146.82,144.02,49.463,0.001,16099838,2359962624.0,1.111
195,HK.00700,2015-10-19 00:00:00,146.92,146.02,146.92,144.12,49.631,0.001,10468032,1534715008.0,0.343
196,HK.00700,2015-10-20 00:00:00,146.02,145.82,146.22,144.02,49.563,0.0,8932767,1308184320.0,-0.136
197,HK.00700,2015-10-22 00:00:00,146.92,145.22,146.92,144.42,49.361,0.001,12481955,1825846272.0,-0.411
198,HK.00700,2015-10-23 00:00:00,148.72,148.12,148.72,147.12,50.34,0.002,19077691,2841512960.0,1.996
199,HK.00700,2015-10-26 00:00:00,150.92,147.92,150.92,147.12,50.272,0.001,14734408,2202889984.0,-0.135
200,HK.00700,2015-10-27 00:00:00,147.52,148.02,148.42,146.02,50.306,0.001,13824193,2052057856.0,0.067
201,HK.00700,2015-10-28 00:00:00,148.92,148.72,148.92,147.02,50.542,0.001,10527282,1571877248.0,0.472
202,HK.00700,2015-10-29 00:00:00,149.62,146.92,149.62,146.22,49.936,0.001,11031130,1640431104.0,-1.21
203,HK.00700,2015-10-30 00:00:00,144.02,145.52,146.62,144.02,49.463,0.001,13196707,1932011392.0,-0.952
204,HK.00700,2015-11-02 00:00:00,147.72,146.42,147.72,145.12,49.766,0.001,10822588,1597634560.0,0.618
205,HK.00700,2015-11-03 00:00:00,148.42,149.42,150.32,147.82,50.778,0.002,22482139,3382576640.0,2.048
206,HK.00700,2015-11-04 00:00:00,152.52,151.92,155.62,150.82,51.623,0.002,27648790,4247458816.0,1.673
207,HK.00700,2015-11-05 00:00:00,151.22,151.22,152.32,150.62,51.386,0.001,15731517,2398325760.0,-0.46
208,HK.00700,2015-11-06 00:00:00,151.42,153.42,153.92,150.02,52.129,0.001,11207896,1723129344.0,1.454
209,HK.00700,2015-11-09 00:00:00,152.42,150.92,154.32,150.42,51.284,0.001,13988564,2144186624.0,-1.629
210,HK.00700,2015-11-10 00:00:00,149.02,149.32,149.72,147.32,50.744,0.001,13943129,2088653696.0,-1.06
211,HK.00700,2015-11-11 00:00:00,151.62,150.42,153.42,149.72,51.117,0.002,25560762,3914043392.0,0.736
212,HK.00700,2015-11-12 00:00:00,152.42,153.92,154.62,151.42,52.297,0.002,23088232,3567343872.0,2.326
213,HK.00700,2015-11-13 00:00:00,150.92,151.12,152.22,150.22,51.353,0.001,12992169,1980077184.0,-1.819
214,HK.00700,2015-11-16 00:00:00,147.72,148.02,149.22,147.52,50.306,0.001,14105791,2109684608.0,-2.051
215,HK.00700,2015-11-17 00:00:00,149.92,150.12,152.62,149.42,51.014,0.001,15549848,2368778752.0,1.418
216,HK.00700,2015-11-18 00:00:00,151.92,150.32,152.02,149.42,51.083,0.001,9576626,1452507904.0,0.133
217,HK.00700,2015-11-19 00:00:00,152.52,152.02,153.62,150.92,51.655,0.001,13314104,2038940672.0,1.13
218,HK.00700,2015-11-20 00:00:00,152.02,154.02,154.32,150.92,52.331,0.001,11150294,1713363328.0,1.315
219,HK.00700,2015-11-23 00:00:00,155.42,154.42,156.32,153.92,52.465,0.001,13409373,2096713088.0,0.259
220,HK.00700,2015-11-24 00:00:00,154.92,155.02,155.52,153.92,52.668,0.001,9906385,1543177728.0,0.388
221,HK.00700,2015-11-25 00:00:00,155.62,155.32,155.62,154.32,52.77,0.001,13077902,2040205824.0,0.193
222,HK.00700,2015-11-26 00:00:00,156.92,154.62,157.22,154.62,52.534,0.001,14044010,2207412480.0,-0.45
223,HK.00700,2015-11-27 00:00:00,154.12,152.12,154.42,151.22,51.689,0.001,16407039,2517638144.0,-1.616
224,HK.00700,2015-11-30 00:00:00,152.52,153.22,154.72,150.52,52.061,0.003,32671234,5032707584.0,0.723
225,HK.00700,2015-12-01 00:00:00,155.32,153.22,156.42,152.72,52.069,0.002,25975545,4028566272.0,0.0
226,HK.00700,2015-12-02 00:00:00,153.82,152.62,154.42,151.92,51.867,0.002,20711745,3188409600.0,-0.391
227,HK.00700,2015-12-03 00:00:00,152.72,153.32,154.32,151.92,52.104,0.002,28096751,4335739392.0,0.458
228,HK.00700,2015-12-04 00:00:00,149.92,149.92,150.52,147.92,50.956,0.005,49898559,7495586816.0,-2.217
229,HK.00700,2015-12-07 00:00:00,151.52,149.82,151.62,149.52,50.923,0.002,21270875,3217991168.0,-0.066
230,HK.00700,2015-12-08 00:00:00,149.92,148.62,149.92,147.32,50.518,0.001,17790393,2660582144.0,-0.8
231,HK.00700,2015-12-09 00:00:00,147.32,149.62,150.92,147.32,50.854,0.002,18826804,2838999040.0,0.672
232,HK.00700,2015-12-10 00:00:00,150.82,149.32,150.82,148.92,50.754,0.001,13447879,2029370752.0,-0.2
233,HK.00700,2015-12-11 00:00:00,149.82,146.52,150.02,145.82,49.808,0.002,19677356,2926902016.0,-1.875
234,HK.00700,2015-12-14 00:00:00,144.42,145.42,145.72,141.92,49.437,0.001,16805584,2446722560.0,-0.75
235,HK.00700,2015-12-15 00:00:00,145.62,146.42,148.22,145.42,49.775,0.001,16121681,2387570176.0,0.687
236,HK.00700,2015-12-16 00:00:00,149.92,150.72,150.92,148.42,51.226,0.001,14423284,2175860992.0,2.936
237,HK.00700,2015-12-17 00:00:00,152.02,150.52,152.62,150.22,51.159,0.001,15988503,2433472768.0,-0.132
238,HK.00700,2015-12-18 00:00:00,150.42,150.22,151.22,149.72,51.057,0.001,18276015,2768144384.0,-0.199
239,HK.00700,2015-12-21 00:00:00,150.02,149.22,150.22,148.82,50.72,0.0,8975296,1351128576.0,-0.665
240,HK.00700,2015-12-22 00:00:00,150.22,149.72,150.22,148.22,50.888,0.0,6942130,1043750208.0,0.335
241,HK.00700,2015-12-23 00:00:00,150.32,151.12,151.42,150.12,51.361,0.0,7423667,1127795968.0,0.935
242,HK.00700,2015-12-24 00:00:00,151.92,150.72,151.92,150.52,51.226,0.0,4784383,727884672.0,-0.264
243,HK.00700,2015-12-28 00:00:00,151.32,149.82,151.42,149.52,50.923,0.0,6710219,1017621248.0,-0.597
244,HK.00700,2015-12-29 00:00:00,150.62,149.72,150.92,149.22,50.888,0.0,7371486,1112850304.0,-0.066
245,HK.00700,2015-12-30 00:00:00,150.82,149.62,151.32,149.42,50.854,0.0,7126584,1079749376.0,-0.066
246,HK.00700,2015-12-31 00:00:00,150.42,151.42,151.62,150.02,51.463,0.0,6854089,1041952064.0,1.203
247,HK.00700,2016-01-04 00:00:00,150.32,148.02,150.92,147.62,50.319,0.001,16047213,2402627584.0,-2.245
248,HK.00700,2016-01-05 00:00:00,147.72,146.32,149.42,145.52,49.745,0.001,16171969,2393377536.0,-1.148
249,HK.00700,2016-01-06 00:00:00,144.62,144.92,145.82,144.02,49.273,0.001,15614519,2280396800.0,-0.956
250,HK.00700,2016-01-07 00:00:00,143.52,139.12,144.92,138.92,47.316,0.002,23664491,3356817408.0,-4.002
251,HK.00700,2016-01-08 00:00:00,139.72,141.52,142.62,139.72,48.125,0.001,18564802,2648564736.0,1.725
252,HK.00700,2016-01-11 00:00:00,137.12,136.92,140.22,136.62,46.574,0.002,22362124,3108050432.0,-3.25
253,HK.00700,2016-01-12 00:00:00,135.92,135.02,138.72,134.82,45.931,0.002,22078580,3034118656.0,-1.387
254,HK.00700,2016-01-13 00:00:00,136.02,136.32,138.92,135.92,46.37,0.002,23863234,3305173504.0,0.962
255,HK.00700,2016-01-14 00:00:00,134.42,136.02,137.42,133.92,46.27,0.002,26513641,3623885312.0,-0.22
256,HK.00700,2016-01-15 00:00:00,136.12,135.92,138.32,135.22,46.236,0.002,23969812,3300509696.0,-0.073
257,HK.00700,2016-01-18 00:00:00,133.92,134.92,136.52,133.22,45.898,0.002,21919138,2975647488.0,-0.735
258,HK.00700,2016-01-19 00:00:00,134.92,138.72,138.92,134.92,47.18,0.002,22604872,3139543040.0,2.816
259,HK.00700,2016-01-20 00:00:00,135.82,134.32,136.52,132.72,45.695,0.002,26441962,3588168448.0,-3.171
260,HK.00700,2016-01-21 00:00:00,135.12,132.02,137.62,132.02,44.919,0.003,30536391,4153669632.0,-1.712
261,HK.00700,2016-01-22 00:00:00,135.02,137.92,138.62,135.02,43.194,0.002,24549064,3385967616.0,4.469
262,HK.00700,2016-01-25 00:00:00,138.92,143.22,143.62,138.32,44.84,0.003,31154604,4454169600.0,3.842
263,HK.00700,2016-01-26 00:00:00,141.02,140.72,142.42,139.52,44.063,0.002,25339129,3611656960.0,-1.745
264,HK.00700,2016-01-27 00:00:00,142.82,139.42,143.42,137.92,43.659,0.002,27399036,3871827712.0,-0.923
265,HK.00700,2016-01-28 00:00:00,139.42,140.52,142.32,138.32,44.001,0.002,24075438,3398219264.0,0.788
266,HK.00700,2016-01-29 00:00:00,140.02,143.82,143.92,140.02,45.027,0.003,28333807,4058754048.0,2.348
267,HK.00700,2016-02-01 00:00:00,145.22,145.92,146.02,143.72,45.68,0.002,20461010,2987476480.0,1.46
268,HK.00700,2016-02-02 00:00:00,146.62,144.52,146.62,142.92,45.244,0.001,17206088,2508546816.0,-0.959
269,HK.00700,2016-02-03 00:00:00,141.12,140.52,141.12,138.92,44.001,0.002,22333481,3156490240.0,-2.767
270,HK.00700,2016-02-04 00:00:00,141.92,140.82,142.02,140.42,44.095,0.001,16305725,2319344128.0,0.213
271,HK.00700,2016-02-05 00:00:00,141.62,142.82,143.42,141.02,44.716,0.001,12724486,1821430016.0,1.42
272,HK.00700,2016-02-11 00:00:00,136.12,134.82,137.62,133.02,42.23,0.003,36199192,4925743616.0,-5.601
273,HK.00700,2016-02-12 00:00:00,131.62,132.22,133.82,131.02,41.423,0.002,24882572,3312529920.0,-1.928
274,HK.00700,2016-02-15 00:00:00,135.62,137.12,137.52,134.22,42.944,0.002,21699418,2969122048.0,3.705
275,HK.00700,2016-02-16 00:00:00,137.12,138.22,139.32,137.12,43.286,0.001,15525620,2168058880.0,0.802
276,HK.00700,2016-02-17 00:00:00,139.92,137.12,140.42,136.22,42.944,0.001,17255623,2406546944.0,-0.795
277,HK.00700,2016-02-18 00:00:00,140.92,141.22,141.42,138.12,44.22,0.002,20441753,2887306240.0,2.99
278,HK.00700,2016-02-19 00:00:00,139.92,140.12,141.62,139.22,43.847,0.001,12409816,1750617984.0,-0.778
279,HK.00700,2016-02-22 00:00:00,139.92,140.62,141.12,139.42,44.095,0.001,9929873,1403548416.0,0.356
280,HK.00700,2016-02-23 00:00:00,141.42,140.82,141.72,139.52,44.063,0.001,11518408,1634276224.0,0.142
281,HK.00700,2016-02-24 00:00:00,140.62,139.32,140.62,137.52,43.535,0.001,15133469,2120219008.0,-1.065
282,HK.00700,2016-02-25 00:00:00,139.32,137.92,139.92,137.62,43.194,0.001,10914811,1523904768.0,-1.004
283,HK.00700,2016-02-26 00:00:00,139.72,141.62,142.12,139.72,44.344,0.001,17363138,2468745472.0,2.682
284,HK.00700,2016-02-29 00:00:00,141.62,140.82,141.72,138.52,44.125,0.001,14280154,2016311552.0,-0.564
285,HK.00700,2016-03-01 00:00:00,140.92,143.42,143.52,140.42,44.84,0.001,15495668,2215725312.0,1.846
286,HK.00700,2016-03-02 00:00:00,146.02,147.22,147.42,144.72,46.083,0.002,24494602,3608342784.0,2.649
287,HK.00700,2016-03-03 00:00:00,147.92,146.52,147.92,144.92,45.866,0.001,15959001,2348042496.0,-0.475
288,HK.00700,2016-03-04 00:00:00,147.42,146.12,148.32,144.42,45.772,0.002,19713216,2900649472.0,-0.273
289,HK.00700,2016-03-07 00:00:00,146.92,145.42,147.52,144.42,45.525,0.001,13746135,2014765184.0,-0.479
290,HK.00700,2016-03-08 00:00:00,144.22,145.22,145.82,143.02,45.368,0.001,11443398,1665409152.0,-0.137
291,HK.00700,2016-03-09 00:00:00,143.92,144.62,144.72,142.32,45.276,0.001,14067392,2036768128.0,-0.413
292,HK.00700,2016-03-10 00:00:00,144.02,143.92,145.12,143.72,45.058,0.001,10098636,1467310976.0,-0.484
293,HK.00700,2016-03-11 00:00:00,143.72,147.02,147.42,143.22,46.053,0.001,17498941,2573937152.0,2.153
294,HK.00700,2016-03-14 00:00:00,147.92,152.22,152.42,147.32,47.606,0.003,29679645,4496817664.0,3.536
295,HK.00700,2016-03-15 00:00:00,149.72,150.22,152.42,149.52,46.923,0.001,16207912,2455605760.0,-1.313
296,HK.00700,2016-03-16 00:00:00,149.72,149.82,150.42,148.12,46.798,0.001,13922389,2094617472.0,-0.266
297,HK.00700,2016-03-17 00:00:00,151.92,151.22,152.42,149.92,47.234,0.001,13648090,2077900032.0,0.934
298,HK.00700,2016-03-18 00:00:00,157.92,156.82,158.12,154.72,49.035,0.005,52010024,8186653696.0,3.703
299,HK.00700,2016-03-21 00:00:00,157.52,157.02,157.62,156.02,49.159,0.001,18616859,2938231040.0,0.127
300,HK.00700,2016-03-22 00:00:00,158.82,158.42,158.82,156.92,49.596,0.002,19946868,3175977728.0,0.891
301,HK.00700,2016-03-23 00:00:00,158.72,158.62,158.82,157.32,49.658,0.001,15437949,2458602240.0,0.126
302,HK.00700,2016-03-24 00:00:00,157.92,157.72,158.72,156.62,49.316,0.001,18441336,2923115776.0,-0.567
303,HK.00700,2016-03-29 00:00:00,157.92,156.22,157.92,155.92,48.881,0.001,16821224,2654766080.0,-0.951
304,HK.00700,2016-03-30 00:00:00,157.92,157.12,158.42,156.82,49.159,0.002,20832229,3304315136.0,0.576
305,HK.00700,2016-03-31 00:00:00,158.22,157.32,158.22,156.02,49.222,0.001,17515647,2770418688.0,0.127
306,HK.00700,2016-04-01 00:00:00,158.52,157.42,158.52,156.72,49.222,0.001,16035756,2540682496.0,0.063
307,HK.00700,2016-04-05 00:00:00,155.92,155.52,155.92,153.32,42.998,0.001,14500421,2262255872.0,-1.206
308,HK.00700,2016-04-06 00:00:00,156.52,157.92,158.02,155.92,43.657,0.001,17760189,2810256640.0,1.543
309,HK.00700,2016-04-07 00:00:00,158.82,160.72,160.92,158.52,44.48,0.002,21771425,3500903168.0,1.773
310,HK.00700,2016-04-08 00:00:00,159.42,158.92,159.92,158.12,43.93,0.001,15163620,2426670848.0,-1.119
311,HK.00700,2016-04-11 00:00:00,157.12,158.42,159.72,157.12,43.848,0.001,9401820,1499878400.0,-0.314
312,HK.00700,2016-04-12 00:00:00,158.82,158.92,159.12,158.12,43.903,0.001,12312707,1968370816.0,0.315
313,HK.00700,2016-04-13 00:00:00,160.92,163.42,163.62,160.12,45.139,0.003,32538517,5305223680.0,2.831
314,HK.00700,2016-04-14 00:00:00,164.42,163.92,166.12,160.42,45.304,0.002,25301265,4152151808.0,0.305
315,HK.00700,2016-04-15 00:00:00,163.42,164.22,164.42,162.32,45.387,0.001,11408552,1880256896.0,0.183
316,HK.00700,2016-04-18 00:00:00,163.92,164.62,164.92,163.02,45.523,0.0,9116719,1502276864.0,0.243
317,HK.00700,2016-04-19 00:00:00,164.52,164.62,165.42,162.32,45.442,0.001,13637095,2250030080.0,0.0
318,HK.00700,2016-04-20 00:00:00,164.42,160.82,164.42,160.42,44.425,0.001,15478170,2520935680.0,-2.308
319,HK.00700,2016-04-21 00:00:00,161.92,162.42,163.22,161.02,44.891,0.001,13119646,2138098560.0,0.994
320,HK.00700,2016-04-22 00:00:00,159.92,161.72,161.92,159.12,44.7,0.0,8816777,1424378368.0,-0.43
321,HK.00700,2016-04-25 00:00:00,159.32,158.82,159.92,158.52,43.903,0.001,10729099,1719102336.0,-1.793
322,HK.00700,2016-04-26 00:00:00,159.92,160.72,160.92,157.72,44.425,0.0,8646796,1386253952.0,1.196
323,HK.00700,2016-04-27 00:00:00,159.12,158.42,159.22,157.32,43.821,0.001,11549814,1838571136.0,-1.431
324,HK.00700,2016-04-28 00:00:00,159.62,159.92,161.52,158.92,44.151,0.001,18658830,3010574592.0,0.946
325,HK.00700,2016-04-29 00:00:00,158.92,157.82,159.22,157.72,43.629,0.001,10903878,1737328896.0,-1.313
326,HK.00700,2016-05-03 00:00:00,157.82,154.22,157.82,154.02,42.64,0.001,15337768,2400437760.0,-2.281
327,HK.00700,2016-05-04 00:00:00,154.62,153.42,154.62,152.32,42.366,0.001,16375047,2528596736.0,-0.518
328,HK.00700,2016-05-05 00:00:00,151.92,152.12,153.62,151.42,42.063,0.001,13653426,2098838784.0,-0.847
329,HK.00700,2016-05-06 00:00:00,152.22,152.82,154.42,151.12,42.256,0.001,15884287,2445076480.0,0.46
330,HK.00700,2016-05-09 00:00:00,154.42,154.02,154.72,153.12,42.667,0.001,9424497,1461395200.0,0.785
331,HK.00700,2016-05-10 00:00:00,153.22,155.32,155.62,153.22,42.915,0.001,11847505,1841481856.0,0.844
332,HK.00700,2016-05-11 00:00:00,157.32,155.42,157.32,154.92,42.888,0.001,11585331,1819195392.0,0.064
333,HK.00700,2016-05-12 00:00:00,155.52,153.12,155.52,152.92,42.339,0.001,13276595,2056402048.0,-1.479
334,HK.00700,2016-05-13 00:00:00,154.52,154.02,155.22,152.62,42.558,0.001,18092191,2808471296.0,0.587
335,HK.00700,2016-05-16 00:00:00,155.02,158.82,159.22,154.72,43.903,0.002,21575864,3432888576.0,3.116
336,HK.00700,2016-05-17 00:00:00,161.22,161.82,163.22,159.82,44.728,0.002,22631130,3678038272.0,1.888
337,HK.00700,2016-05-18 00:00:00,159.92,160.02,161.32,158.92,44.287,0.002,20658347,3327170304.0,-1.112
338,HK.00700,2016-05-19 00:00:00,154.22,156.12,158.02,154.22,43.162,0.003,35275128,5543207424.0,-2.437
339,HK.00700,2016-05-20 00:00:00,154.69,157.89,158.59,154.69,43.52,0.002,19185549,3028031232.0,1.133
340,HK.00700,2016-05-23 00:00:00,158.99,158.49,160.99,158.19,43.683,0.001,12215689,1955847424.0,0.38
341,HK.00700,2016-05-24 00:00:00,159.39,159.89,160.39,158.99,44.069,0.001,12328071,1979319168.0,0.883
342,HK.00700,2016-05-25 00:00:00,162.39,163.89,164.19,162.19,45.249,0.002,21579995,3540016128.0,2.501
343,HK.00700,2016-05-26 00:00:00,164.29,163.19,164.29,161.89,44.919,0.001,14457778,2364775936.0,-0.427
344,HK.00700,2016-05-27 00:00:00,164.39,170.59,171.19,163.89,47.006,0.004,41274891,6966025728.0,4.534
345,HK.00700,2016-05-30 00:00:00,170.59,169.29,171.89,168.79,46.676,0.002,21752920,3715085568.0,-0.762
346,HK.00700,2016-05-31 00:00:00,171.39,172.69,173.09,170.39,47.418,0.005,56234547,9718478848.0,2.008
347,HK.00700,2016-06-01 00:00:00,171.39,169.79,172.29,169.19,46.705,0.001,17349933,2971165184.0,-1.679
348,HK.00700,2016-06-02 00:00:00,169.39,169.59,169.89,167.79,46.786,0.002,21462089,3636835328.0,-0.117
349,HK.00700,2016-06-03 00:00:00,169.69,170.19,171.69,168.89,46.979,0.002,27443699,4684158464.0,0.353
350,HK.00700,2016-06-06 00:00:00,169.49,173.19,173.39,169.49,47.721,0.001,17120058,2944536320.0,1.762
351,HK.00700,2016-06-07 00:00:00,174.39,175.99,176.19,173.89,48.462,0.001,17254734,3028985344.0,1.616
352,HK.00700,2016-06-08 00:00:00,175.99,175.29,175.99,173.99,48.325,0.002,18871883,3309337088.0,-0.397
353,HK.00700,2016-06-10 00:00:00,177.89,174.49,177.89,174.19,48.022,0.002,20396824,3594879488.0,-0.456
354,HK.00700,2016-06-13 00:00:00,169.49,168.89,171.19,168.59,46.54,0.002,21169298,3602746368.0,-3.209
355,HK.00700,2016-06-14 00:00:00,168.19,167.69,168.79,166.99,46.182,0.001,17731787,2986353152.0,-0.71
356,HK.00700,2016-06-15 00:00:00,167.09,172.39,173.49,166.69,47.5,0.002,18840580,3223738880.0,2.802
357,HK.00700,2016-06-16 00:00:00,172.19,168.19,172.39,167.79,46.375,0.001,15093895,2562074368.0,-2.436
358,HK.00700,2016-06-17 00:00:00,169.89,168.29,170.69,166.89,46.375,0.001,17880408,3021573376.0,0.059
359,HK.00700,2016-06-20 00:00:00,169.39,170.09,170.59,168.39,46.923,0.001,9428268,1605047424.0,1.069
360,HK.00700,2016-06-21 00:00:00,171.39,172.29,172.69,170.39,47.472,0.001,10084306,1734247808.0,1.293
361,HK.00700,2016-06-22 00:00:00,172.49,176.49,177.29,172.29,48.598,0.002,19634245,3457367808.0,2.437
362,HK.00700,2016-06-23 00:00:00,175.39,175.49,175.79,172.69,48.352,0.001,12236741,2146507008.0,-0.566
363,HK.00700,2016-06-24 00:00:00,174.19,173.19,176.99,167.49,47.638,0.003,30594530,5247317504.0,-1.31
364,HK.00700,2016-06-27 00:00:00,169.49,170.29,171.49,169.49,46.896,0.001,15661330,2678713600.0,-1.674
365,HK.00700,2016-06-28 00:00:00,166.39,169.89,170.19,166.39,46.868,0.001,17951859,3036946944.0,-0.234
366,HK.00700,2016-06-29 00:00:00,169.79,171.79,172.09,169.79,47.308,0.001,13552935,2325334528.0,1.118
367,HK.00700,2016-06-30 00:00:00,174.29,175.49,175.99,173.09,48.407,0.001,16917010,2962109184.0,2.153
368,HK.00700,2016-07-04 00:00:00,177.49,178.29,178.89,176.39,49.175,0.001,16228007,2898010368.0,1.595
369,HK.00700,2016-07-05 00:00:00,178.39,175.79,178.39,175.49,48.352,0.001,9562057,1697454848.0,-1.402
370,HK.00700,2016-07-06 00:00:00,173.49,173.69,174.89,172.39,47.858,0.001,11660048,2031134592.0,-1.194
371,HK.00700,2016-07-07 00:00:00,174.39,175.69,176.79,173.99,48.407,0.0,8015900,1413189376.0,1.151
372,HK.00700,2016-07-08 00:00:00,176.59,176.39,177.79,175.79,48.571,0.001,13824855,2451202560.0,0.398
373,HK.00700,2016-07-11 00:00:00,179.29,179.39,180.19,178.59,49.368,0.001,12848546,2311643648.0,1.7
374,HK.00700,2016-07-12 00:00:00,181.09,180.29,181.09,177.89,49.696,0.001,13839536,2494586112.0,0.501
375,HK.00700,2016-07-13 00:00:00,180.19,180.59,181.09,179.79,49.724,0.001,11209328,2029435520.0,0.166
376,HK.00700,2016-07-14 00:00:00,179.99,182.89,183.39,179.29,50.493,0.001,12671391,2304097792.0,1.273
377,HK.00700,2016-07-15 00:00:00,183.69,184.19,185.59,182.49,50.686,0.001,15489093,2862778624.0,0.71
378,HK.00700,2016-07-18 00:00:00,183.39,184.39,185.19,183.09,50.823,0.001,10032868,1853042176.0,0.108
379,HK.00700,2016-07-19 00:00:00,183.89,182.69,184.39,182.49,50.301,0.001,11782810,2163177984.0,-0.921
380,HK.00700,2016-07-20 00:00:00,183.79,184.99,185.39,182.89,50.96,0.001,13328952,2464057600.0,1.258
381,HK.00700,2016-07-21 00:00:00,185.59,183.99,185.89,183.69,50.796,0.001,14795435,2741260544.0,-0.54
382,HK.00700,2016-07-22 00:00:00,184.39,184.59,184.99,182.99,50.823,0.0,7797326,1441018240.0,0.326
383,HK.00700,2016-07-25 00:00:00,187.39,187.39,187.39,184.59,51.618,0.0,7779949,1452650368.0,1.516
384,HK.00700,2016-07-26 00:00:00,185.59,185.69,189.09,185.59,51.152,0.001,14716619,2766853888.0,-0.907
385,HK.00700,2016-07-27 00:00:00,185.39,188.39,188.39,185.39,51.894,0.001,12088449,2267984896.0,1.454
386,HK.00700,2016-07-28 00:00:00,186.89,188.39,188.79,185.99,51.894,0.001,11646147,2195560960.0,0.0
387,HK.00700,2016-07-29 00:00:00,188.49,185.89,189.19,185.89,51.208,0.001,13351285,2509782784.0,-1.327
388,HK.00700,2016-08-01 00:00:00,186.39,183.89,187.09,183.59,50.658,0.002,20728597,3850390784.0,-1.075
389,HK.00700,2016-08-03 00:00:00,181.39,180.89,182.39,180.89,49.834,0.001,18411964,3357171456.0,-1.631
390,HK.00700,2016-08-04 00:00:00,182.09,181.99,182.99,181.09,50.137,0.001,9639668,1761753216.0,0.608
391,HK.00700,2016-08-05 00:00:00,182.39,183.99,185.49,181.89,50.686,0.001,10032639,1853936896.0,1.098
392,HK.00700,2016-08-08 00:00:00,185.59,188.19,188.29,185.59,51.839,0.001,11907448,2240854528.0,2.282
393,HK.00700,2016-08-09 00:00:00,187.89,187.59,188.89,186.89,51.673,0.0,8133303,1530894080.0,-0.318
394,HK.00700,2016-08-10 00:00:00,186.49,187.39,188.39,186.39,51.618,0.0,7504565,1409837568.0,-0.106
395,HK.00700,2016-08-11 00:00:00,186.19,188.09,188.09,186.19,51.812,0.001,11388699,2141054336.0,0.373
396,HK.00700,2016-08-12 00:00:00,189.89,187.19,190.89,186.89,51.564,0.001,18152988,3433003264.0,-0.478
397,HK.00700,2016-08-15 00:00:00,187.39,190.49,191.09,187.39,52.471,0.001,13190627,2512678400.0,1.762
398,HK.00700,2016-08-16 00:00:00,194.89,194.79,196.89,192.99,53.651,0.002,24569283,4806127616.0,2.257
399,HK.00700,2016-08-17 00:00:00,194.79,192.39,197.29,191.09,52.992,0.001,18473251,3601159168.0,-1.232
400,HK.00700,2016-08-18 00:00:00,204.39,202.39,204.39,199.09,55.737,0.004,41314120,8376214016.0,5.197
401,HK.00700,2016-08-19 00:00:00,204.39,201.19,204.39,200.99,55.409,0.001,12565303,2550190336.0,-0.592
402,HK.00700,2016-08-22 00:00:00,201.39,204.19,204.19,200.79,56.231,0.001,11452880,2323841024.0,1.491
403,HK.00700,2016-08-23 00:00:00,203.59,202.99,204.79,201.79,55.902,0.0,8919309,1818878976.0,-0.587
404,HK.00700,2016-08-24 00:00:00,202.99,200.39,203.99,199.79,55.188,0.001,13621565,2754284544.0,-1.28
405,HK.00700,2016-08-25 00:00:00,201.39,198.89,201.39,198.89,54.777,0.001,10991731,2201423104.0,-0.748
406,HK.00700,2016-08-26 00:00:00,198.59,199.79,201.99,198.59,55.023,0.0,8087753,1625796992.0,0.452
407,HK.00700,2016-08-29 00:00:00,200.19,200.79,201.59,199.39,55.298,0.001,9841567,1980118656.0,0.5
408,HK.00700,2016-08-30 00:00:00,202.19,204.19,204.39,201.39,56.231,0.001,11748201,2395398656.0,1.693
409,HK.00700,2016-08-31 00:00:00,204.39,201.19,204.39,200.39,55.409,0.001,15317560,3102824448.0,-1.469
410,HK.00700,2016-09-01 00:00:00,200.39,201.99,202.79,200.19,55.627,0.001,13605995,2750477312.0,0.397
411,HK.00700,2016-09-02 00:00:00,201.99,201.19,203.99,200.59,55.409,0.001,16427579,3326355968.0,-0.396
412,HK.00700,2016-09-05 00:00:00,203.99,209.59,209.99,202.99,57.715,0.002,18902330,3926198528.0,4.175
413,HK.00700,2016-09-06 00:00:00,209.39,214.39,216.19,208.39,59.033,0.002,19057213,4076833280.0,2.29
414,HK.00700,2016-09-07 00:00:00,215.39,212.59,215.79,210.59,58.539,0.001,17607103,3751778816.0,-0.839
415,HK.00700,2016-09-08 00:00:00,210.99,214.39,215.39,210.79,59.033,0.001,15493743,3321783040.0,0.846
416,HK.00700,2016-09-09 00:00:00,213.99,213.19,215.59,211.59,58.703,0.002,20277736,4340665344.0,-0.559
417,HK.00700,2016-09-12 00:00:00,209.39,206.39,209.99,205.79,56.835,0.002,19921257,4156561664.0,-3.189
418,HK.00700,2016-09-13 00:00:00,208.39,207.39,210.99,206.59,57.111,0.001,14868264,3113344512.0,0.484
419,HK.00700,2016-09-14 00:00:00,205.99,207.99,208.99,205.99,57.276,0.0,7695966,1602648192.0,0.289
420,HK.00700,2016-09-15 00:00:00,207.39,209.19,211.59,207.39,57.604,0.001,18058088,3790313472.0,0.576
421,HK.00700,2016-09-19 00:00:00,211.19,208.79,211.59,206.99,57.494,0.001,18390853,3851202048.0,-0.191
422,HK.00700,2016-09-20 00:00:00,209.39,208.39,209.59,207.39,57.386,0.001,12136871,2533149696.0,-0.191
423,HK.00700,2016-09-21 00:00:00,207.99,210.59,210.79,206.99,57.99,0.001,11514914,2418223360.0,1.055
424,HK.00700,2016-09-22 00:00:00,213.39,213.99,215.19,212.59,58.923,0.001,17844513,3826305024.0,1.614
425,HK.00700,2016-09-23 00:00:00,212.79,217.59,220.19,211.99,59.911,0.002,24975771,5433216000.0,1.682
426,HK.00700,2016-09-26 00:00:00,216.79,212.39,216.79,211.59,58.484,0.001,18583621,3991885824.0,-2.389
427,HK.00700,2016-09-27 00:00:00,214.39,215.19,216.79,213.39,59.252,0.001,14741682,3178935552.0,1.318
428,HK.00700,2016-09-28 00:00:00,213.39,215.99,216.59,213.39,59.472,0.0,8165201,1765869696.0,0.371
429,HK.00700,2016-09-29 00:00:00,217.39,216.99,217.79,215.39,59.747,0.001,11122088,2417848320.0,0.462
430,HK.00700,2016-09-30 00:00:00,214.59,212.39,216.19,212.39,58.484,0.001,14861460,3191784704.0,-2.119
431,HK.00700,2016-10-03 00:00:00,215.79,216.19,216.99,214.99,59.527,0.001,10019132,2170036480.0,1.789
432,HK.00700,2016-10-04 00:00:00,216.59,216.79,216.99,214.79,59.692,0.0,7731679,1676022144.0,0.277
433,HK.00700,2016-10-05 00:00:00,215.99,216.79,216.79,215.19,59.692,0.0,6656378,1442520320.0,0.0
434,HK.00700,2016-10-06 00:00:00,217.39,216.79,217.39,215.99,59.692,0.001,10663786,2316394496.0,0.0
435,HK.00700,2016-10-07 00:00:00,215.99,215.59,216.79,214.79,59.361,0.0,8895336,1924643712.0,-0.553
436,HK.00700,2016-10-11 00:00:00,216.79,215.19,217.59,213.79,59.252,0.001,12705818,2747296768.0,-0.185
437,HK.00700,2016-10-12 00:00:00,212.99,212.79,213.59,210.39,58.594,0.001,16665287,3539844608.0,-1.115
438,HK.00700,2016-10-13 00:00:00,210.39,209.39,212.59,208.79,57.659,0.001,16885861,3556877312.0,-1.597
439,HK.00700,2016-10-14 00:00:00,207.79,208.39,210.39,207.79,57.386,0.001,14025330,2939028480.0,-0.477
440,HK.00700,2016-10-17 00:00:00,208.39,208.19,209.39,206.59,57.331,0.001,9769912,2041113984.0,-0.095
441,HK.00700,2016-10-18 00:00:00,208.79,211.79,212.59,208.39,58.319,0.001,12262915,2596151808.0,1.729
442,HK.00700,2016-10-19 00:00:00,210.79,212.19,213.79,210.79,58.429,0.0,7582360,1613228032.0,0.188
443,HK.00700,2016-10-20 00:00:00,213.39,213.59,214.79,212.79,58.812,0.0,8231296,1765659392.0,0.659
444,HK.00700,2016-10-24 00:00:00,213.19,214.79,214.79,211.59,59.143,0.001,15571635,3332197120.0,0.561
445,HK.00700,2016-10-25 00:00:00,215.59,214.19,215.59,214.19,58.978,0.0,8374373,1804338048.0,-0.279
446,HK.00700,2016-10-26 00:00:00,212.39,211.59,215.19,211.59,58.263,0.0,8775101,1875468032.0,-1.213
447,HK.00700,2016-10-27 00:00:00,211.99,209.99,212.79,209.39,57.825,0.001,10686453,2255892480.0,-0.756
448,HK.00700,2016-10-28 00:00:00,209.99,207.39,210.19,204.59,57.111,0.001,17882318,3724801024.0,-1.238
449,HK.00700,2016-10-31 00:00:00,208.39,205.19,208.39,205.19,56.506,0.001,12093873,2506363648.0,-1.06
450,HK.00700,2016-11-01 00:00:00,207.19,206.59,208.99,206.59,56.89,0.001,15026009,3129281280.0,0.682
451,HK.00700,2016-11-02 00:00:00,204.39,203.79,205.79,202.79,56.123,0.001,13870431,2843476224.0,-1.355
452,HK.00700,2016-11-03 00:00:00,201.79,201.39,202.79,200.19,55.464,0.001,17463544,3530909952.0,-1.177
453,HK.00700,2016-11-04 00:00:00,199.19,199.39,201.59,198.89,54.914,0.001,17022950,3409636864.0,-0.993
454,HK.00700,2016-11-07 00:00:00,198.39,203.59,206.19,198.39,56.068,0.001,16085437,3284761600.0,2.106
455,HK.00700,2016-11-08 00:00:00,205.19,204.99,206.59,203.79,56.451,0.001,12356468,2542176768.0,0.687
456,HK.00700,2016-11-09 00:00:00,206.19,201.79,206.19,198.89,55.573,0.003,33653255,6802193920.0,-1.561
457,HK.00700,2016-11-10 00:00:00,205.79,207.59,208.79,205.39,57.166,0.002,18977456,3949177856.0,2.874
458,HK.00700,2016-11-11 00:00:00,202.39,199.39,203.19,199.39,54.914,0.004,45350234,9146458112.0,-3.95
459,HK.00700,2016-11-14 00:00:00,195.19,191.99,195.39,191.59,52.882,0.005,50331583,9758864384.0,-3.711
460,HK.00700,2016-11-15 00:00:00,189.39,192.59,193.39,189.09,53.047,0.003,30689644,5904881664.0,0.312
461,HK.00700,2016-11-16 00:00:00,195.39,196.29,198.89,194.89,54.062,0.002,27000250,5340476416.0,1.921
462,HK.00700,2016-11-17 00:00:00,194.39,194.19,197.09,192.79,53.486,0.002,27269639,5312292352.0,-1.069
463,HK.00700,2016-11-18 00:00:00,194.49,194.79,196.89,193.19,53.651,0.001,17094291,3347550976.0,0.308
464,HK.00700,2016-11-21 00:00:00,194.49,192.99,194.99,191.39,53.157,0.001,15150470,2934705152.0,-0.924
465,HK.00700,2016-11-22 00:00:00,195.29,195.19,195.69,193.49,53.761,0.001,13007935,2542708480.0,1.139
466,HK.00700,2016-11-23 00:00:00,195.59,193.69,195.69,192.89,53.348,0.001,15627291,3038221056.0,-0.768
467,HK.00700,2016-11-24 00:00:00,192.89,191.59,193.49,191.09,52.772,0.001,15458127,2977433088.0,-1.084
468,HK.00700,2016-11-25 00:00:00,192.59,192.39,193.19,191.49,52.992,0.0,7817377,1509982592.0,0.417
469,HK.00700,2016-11-28 00:00:00,192.39,194.69,196.19,192.39,53.624,0.001,16553522,3236083456.0,1.195
470,HK.00700,2016-11-29 00:00:00,196.39,192.39,197.19,192.39,52.992,0.002,19743663,3861700352.0,-1.181
471,HK.00700,2016-11-30 00:00:00,192.29,193.09,193.89,191.49,53.185,0.001,17894203,3465296896.0,0.363
472,HK.00700,2016-12-01 00:00:00,194.39,193.89,194.79,192.69,53.403,0.001,15465024,3006512896.0,0.414
473,HK.00700,2016-12-02 00:00:00,190.39,190.39,190.89,188.99,52.443,0.003,31654894,6032311296.0,-1.805
474,HK.00700,2016-12-05 00:00:00,189.39,189.39,191.99,188.59,52.168,0.001,14881257,2835691264.0,-0.525
475,HK.00700,2016-12-06 00:00:00,191.29,189.29,191.79,188.99,52.14,0.001,10831263,2065730048.0,-0.052
476,HK.00700,2016-12-07 00:00:00,190.09,189.59,190.79,188.99,52.223,0.001,9956402,1895165056.0,0.158
477,HK.00700,2016-12-08 00:00:00,192.19,190.29,192.79,189.49,52.416,0.001,15780970,3025395200.0,0.369
478,HK.00700,2016-12-09 00:00:00,188.39,187.59,189.79,185.79,51.673,0.002,22991719,4322204160.0,-1.418
479,HK.00700,2016-12-12 00:00:00,189.29,184.49,189.29,183.79,50.823,0.002,21961359,4077438464.0,-1.652
480,HK.00700,2016-12-13 00:00:00,186.39,185.69,186.39,184.19,51.152,0.001,16390467,3046584320.0,0.65
481,HK.00700,2016-12-14 00:00:00,187.39,186.19,188.89,186.19,51.29,0.001,18528913,3487964160.0,0.269
482,HK.00700,2016-12-15 00:00:00,184.79,183.39,185.59,182.19,50.52,0.002,23805460,4391037952.0,-1.503
483,HK.00700,2016-12-16 00:00:00,181.69,183.29,183.99,181.69,50.493,0.002,21775966,3997763584.0,-0.054
484,HK.00700,2016-12-19 00:00:00,181.59,181.59,182.49,181.59,50.027,0.001,10932822,1996300032.0,-0.927
485,HK.00700,2016-12-20 00:00:00,181.39,181.09,183.09,179.99,49.889,0.001,12843113,2337207296.0,-0.275
486,HK.00700,2016-12-21 00:00:00,181.09,181.59,182.89,181.09,50.027,0.001,11319237,2064567040.0,0.276
487,HK.00700,2016-12-22 00:00:00,182.69,180.89,183.19,180.59,49.834,0.001,15031371,2737195520.0,-0.385
488,HK.00700,2016-12-23 00:00:00,180.39,179.09,180.39,178.99,49.34,0.001,16360785,2949592832.0,-0.995
489,HK.00700,2016-12-28 00:00:00,180.39,182.99,184.69,179.69,50.41,0.001,18221383,3339599616.0,2.177
490,HK.00700,2016-12-29 00:00:00,182.39,186.99,188.79,182.39,51.509,0.002,22120093,4147598336.0,2.185
491,HK.00700,2016-12-30 00:00:00,189.39,189.09,190.19,188.39,52.085,0.001,13582454,2580538368.0,1.123
492,HK.00700,2017-01-03 00:00:00,187.39,188.79,190.49,187.39,52.004,0.001,9637272,1826290688.0,-0.158
493,HK.00700,2017-01-04 00:00:00,189.79,188.39,189.89,187.49,51.894,0.001,11411490,2159544064.0,-0.211
494,HK.00700,2017-01-05 00:00:00,190.39,192.69,193.59,190.09,53.075,0.002,20543005,3958289152.0,2.282
495,HK.00700,2017-01-06 00:00:00,195.59,194.49,196.19,194.09,53.569,0.002,20077760,3927288064.0,0.934
496,HK.00700,2017-01-09 00:00:00,196.09,194.99,196.29,194.59,53.706,0.001,13605277,2665537280.0,0.257
497,HK.00700,2017-01-10 00:00:00,196.89,197.39,197.39,195.49,54.365,0.001,15628780,3081477632.0,1.23
498,HK.00700,2017-01-11 00:00:00,199.39,200.19,200.79,198.09,55.133,0.002,20703850,4147633664.0,1.418
499,HK.00700,2017-01-12 00:00:00,200.39,198.19,200.39,195.99,54.584,0.001,16362476,3252368896.0,-0.999
500,HK.00700,2017-01-13 00:00:00,198.39,199.09,199.59,198.09,54.832,0.001,10155934,2026404224.0,0.454
501,HK.00700,2017-01-16 00:00:00,199.09,196.09,199.09,195.39,54.007,0.001,11600274,2288331776.0,-1.506
502,HK.00700,2017-01-17 00:00:00,199.29,197.09,199.29,196.89,54.283,0.0,8845604,1752563200.0,0.509
503,HK.00700,2017-01-18 00:00:00,197.99,199.09,199.19,197.39,54.832,0.001,10962405,2184016128.0,1.014
504,HK.00700,2017-01-19 00:00:00,199.99,198.89,199.99,197.69,54.777,0.001,9664250,1925007360.0,-0.1
505,HK.00700,2017-01-20 00:00:00,198.39,197.09,198.79,197.09,54.283,0.0,7686725,1525183360.0,-0.905
506,HK.00700,2017-01-23 00:00:00,195.79,197.19,198.69,195.79,54.31,0.0,7059398,1397812736.0,0.05
507,HK.00700,2017-01-24 00:00:00,198.29,197.19,198.29,196.29,54.31,0.0,8825373,1744430080.0,0.0
508,HK.00700,2017-01-25 00:00:00,200.39,200.19,200.39,198.59,55.133,0.001,17017199,3403755008.0,1.521
509,HK.00700,2017-01-26 00:00:00,201.79,204.39,204.79,201.19,56.286,0.002,21037878,4293309184.0,2.098
510,HK.00700,2017-01-27 00:00:00,204.99,203.79,204.99,203.59,56.123,0.0,8717396,1786274176.0,-0.293
511,HK.00700,2017-02-01 00:00:00,201.39,205.99,206.19,200.19,56.727,0.002,19494245,3976775168.0,1.079
512,HK.00700,2017-02-02 00:00:00,206.39,204.59,207.79,203.79,56.341,0.001,14245064,2932256512.0,-0.679
513,HK.00700,2017-02-03 00:00:00,204.79,204.39,205.79,201.79,56.286,0.001,12525535,2556501760.0,-0.097
514,HK.00700,2017-02-06 00:00:00,205.79,206.79,206.79,203.79,56.945,0.0,9244792,1903964544.0,1.174
515,HK.00700,2017-02-07 00:00:00,205.39,204.79,206.79,203.79,56.396,0.001,11540961,2374053376.0,-0.967
516,HK.00700,2017-02-08 00:00:00,203.79,203.39,204.59,201.79,56.013,0.001,15978068,3263240960.0,-0.683
517,HK.00700,2017-02-09 00:00:00,204.99,203.59,206.39,203.59,56.068,0.001,12967234,2662843392.0,0.098
518,HK.00700,2017-02-10 00:00:00,204.79,201.99,205.39,201.79,55.627,0.001,13335776,2724042240.0,-0.785
519,HK.00700,2017-02-13 00:00:00,202.39,202.99,204.39,202.39,55.902,0.001,11469706,2335487232.0,0.495
520,HK.00700,2017-02-14 00:00:00,202.59,202.19,203.19,202.19,55.682,0.001,11741212,2386059264.0,-0.394
521,HK.00700,2017-02-15 00:00:00,201.59,205.99,207.19,201.59,56.727,0.002,20967951,4326117376.0,1.879
522,HK.00700,2017-02-16 00:00:00,209.39,211.39,212.39,207.39,58.208,0.003,30654514,6467603456.0,2.621
523,HK.00700,2017-02-17 00:00:00,212.99,211.59,214.39,211.19,58.263,0.001,18573582,3955659520.0,0.094
524,HK.00700,2017-02-20 00:00:00,212.59,213.39,214.59,211.99,58.757,0.001,14388585,3083097600.0,0.85
525,HK.00700,2017-02-21 00:00:00,212.99,210.39,214.19,209.39,57.935,0.001,14978211,3174280960.0,-1.405
526,HK.00700,2017-02-22 00:00:00,211.39,214.39,214.39,211.39,59.033,0.001,14282531,3058699008.0,1.901
527,HK.00700,2017-02-23 00:00:00,214.99,214.19,215.79,213.39,58.978,0.001,15728062,3382555904.0,-0.093
528,HK.00700,2017-02-24 00:00:00,212.79,210.59,213.59,210.59,57.99,0.001,17224457,3653114624.0,-1.68
529,HK.00700,2017-02-27 00:00:00,210.39,209.59,212.99,208.99,57.715,0.001,14141432,2983639040.0,-0.474
530,HK.00700,2017-02-28 00:00:00,210.19,206.39,210.99,206.39,56.835,0.001,16362243,3408305920.0,-1.526
531,HK.00700,2017-03-01 00:00:00,206.39,206.19,206.79,204.39,56.78,0.002,19151883,3953516288.0,-0.096
532,HK.00700,2017-03-02 00:00:00,209.99,205.79,210.39,205.79,56.672,0.001,15808759,3294014976.0,-0.194
533,HK.00700,2017-03-03 00:00:00,205.39,206.59,208.19,203.59,56.89,0.001,16233580,3364526080.0,0.388
534,HK.00700,2017-03-06 00:00:00,205.99,208.59,209.79,205.99,57.439,0.001,11372312,2379269632.0,0.968
535,HK.00700,2017-03-07 00:00:00,208.19,211.19,211.99,208.19,58.153,0.001,12046358,2546145280.0,1.246
536,HK.00700,2017-03-08 00:00:00,209.59,211.59,211.99,209.59,58.263,0.001,10855929,2299237376.0,0.189
537,HK.00700,2017-03-09 00:00:00,212.39,209.19,212.39,208.59,57.604,0.001,14123866,2975523072.0,-1.134
538,HK.00700,2017-03-10 00:00:00,208.79,211.79,212.19,208.59,58.319,0.001,15876601,3357387008.0,1.242
539,HK.00700,2017-03-13 00:00:00,212.39,214.79,215.19,212.19,59.143,0.002,20012750,4300337152.0,1.416
540,HK.00700,2017-03-14 00:00:00,215.39,213.99,215.39,213.19,58.923,0.001,15104670,3246080768.0,-0.372
541,HK.00700,2017-03-15 00:00:00,212.39,213.99,214.99,212.39,58.923,0.001,10738632,2304140544.0,0.0
542,HK.00700,2017-03-16 00:00:00,216.99,220.19,220.19,215.59,60.625,0.002,27169372,5936368128.0,2.897
543,HK.00700,2017-03-17 00:00:00,221.59,221.39,222.19,220.19,60.955,0.002,22110796,4905002496.0,0.544
544,HK.00700,2017-03-20 00:00:00,221.39,227.59,227.59,221.19,62.657,0.002,24497641,5545683456.0,2.8
545,HK.00700,2017-03-21 00:00:00,227.39,228.19,229.19,223.19,62.821,0.002,28352992,6439050752.0,0.263
546,HK.00700,2017-03-22 00:00:00,223.39,224.59,226.39,222.79,61.833,0.002,24831244,5585760256.0,-1.577
547,HK.00700,2017-03-23 00:00:00,221.19,222.39,222.99,217.59,45.78,0.004,39654843,8778048512.0,-0.979
548,HK.00700,2017-03-24 00:00:00,222.59,224.59,224.79,221.79,46.231,0.001,16607909,3720124416.0,0.989
549,HK.00700,2017-03-27 00:00:00,224.59,224.19,227.79,222.59,46.15,0.002,20607592,4656873984.0,-0.178
550,HK.00700,2017-03-28 00:00:00,226.39,225.39,226.39,224.19,46.396,0.001,14412946,3255041792.0,0.535
551,HK.00700,2017-03-29 00:00:00,229.39,227.39,229.59,225.99,46.806,0.001,16126457,3677926144.0,0.887
552,HK.00700,2017-03-30 00:00:00,228.59,224.59,228.59,224.59,46.231,0.001,17388185,3941060352.0,-1.231
553,HK.00700,2017-03-31 00:00:00,224.79,222.19,225.79,221.99,45.74,0.001,16116998,3614003968.0,-1.068
554,HK.00700,2017-04-03 00:00:00,225.39,224.59,225.39,221.79,46.231,0.001,13042390,2928030720.0,1.08
555,HK.00700,2017-04-05 00:00:00,227.39,228.19,228.19,225.59,46.971,0.002,21574677,4910641152.0,1.602
556,HK.00700,2017-04-06 00:00:00,227.19,227.39,228.19,225.79,46.806,0.001,11191221,2548372224.0,-0.35
557,HK.00700,2017-04-07 00:00:00,227.39,226.59,227.59,223.59,46.643,0.001,14928165,3375015424.0,-0.351
558,HK.00700,2017-04-10 00:00:00,227.39,225.79,227.79,224.79,46.479,0.0,7479213,1695819136.0,-0.353
559,HK.00700,2017-04-11 00:00:00,227.39,224.39,227.39,223.59,46.191,0.001,9446922,2131423488.0,-0.62
560,HK.00700,2017-04-12 00:00:00,224.79,230.39,230.39,224.59,47.423,0.001,15740467,3590179328.0,2.673
561,HK.00700,2017-04-13 00:00:00,228.99,229.99,233.19,228.19,47.34,0.002,20659980,4778128384.0,-0.173
562,HK.00700,2017-04-18 00:00:00,230.39,227.39,231.19,227.39,46.806,0.001,14813343,3399433728.0,-1.13
563,HK.00700,2017-04-19 00:00:00,227.39,229.59,230.79,227.39,47.258,0.001,16607985,3817387520.0,0.967
564,HK.00700,2017-04-20 00:00:00,231.99,235.99,235.99,230.99,48.573,0.002,21399865,5019072512.0,2.787
565,HK.00700,2017-04-21 00:00:00,236.99,235.79,238.99,233.19,48.532,0.001,16990163,4021812736.0,-0.084
566,HK.00700,2017-04-24 00:00:00,239.39,237.39,239.39,235.99,48.86,0.001,14548614,3462593792.0,0.678
567,HK.00700,2017-04-25 00:00:00,238.19,242.19,242.19,236.59,49.846,0.001,18789716,4522490880.0,2.021
568,HK.00700,2017-04-26 00:00:00,243.19,240.99,243.99,239.79,49.598,0.002,20607333,5006443520.0,-0.495
569,HK.00700,2017-04-27 00:00:00,241.59,243.99,244.39,238.79,50.215,0.001,17296815,4203733760.0,1.244
570,HK.00700,2017-04-28 00:00:00,244.19,242.79,244.19,241.79,49.969,0.001,13449535,3276489472.0,-0.491
571,HK.00700,2017-05-02 00:00:00,244.39,247.79,247.79,244.19,50.994,0.002,19381149,4785083904.0,2.059
572,HK.00700,2017-05-04 00:00:00,246.99,243.19,246.99,242.19,50.05,0.002,23663993,5787209728.0,-1.856
573,HK.00700,2017-05-05 00:00:00,242.59,243.19,243.39,241.19,50.05,0.001,14901527,3619003136.0,0.0
574,HK.00700,2017-05-08 00:00:00,246.59,244.19,246.59,242.79,50.256,0.002,19308767,4732245504.0,0.411
575,HK.00700,2017-05-09 00:00:00,247.39,250.19,250.19,244.99,51.487,0.002,19679502,4888214016.0,2.457
576,HK.00700,2017-05-10 00:00:00,251.39,249.79,254.79,248.59,51.405,0.003,29585623,7479275520.0,-0.159
577,HK.00700,2017-05-11 00:00:00,248.99,253.99,254.39,248.79,52.268,0.002,20293953,5133149696.0,1.681
578,HK.00700,2017-05-12 00:00:00,255.59,257.59,258.59,254.59,53.006,0.002,25854155,6670980096.0,1.417
579,HK.00700,2017-05-15 00:00:00,258.99,258.39,259.99,257.19,53.171,0.002,21565437,5592279552.0,0.31
580,HK.00700,2017-05-16 00:00:00,260.99,258.19,260.99,255.59,53.13,0.002,22950129,5944771072.0,-0.077
581,HK.00700,2017-05-17 00:00:00,260.19,259.19,260.59,257.59,53.335,0.001,18005770,4676894720.0,0.387
582,HK.00700,2017-05-18 00:00:00,256.39,263.39,270.79,256.39,54.198,0.005,54039295,14366834688.0,1.62
583,HK.00700,2017-05-19 00:00:00,266.0,268.4,271.2,265.2,55.101,0.003,29296891,7870401536.0,1.902
584,HK.00700,2017-05-22 00:00:00,271.6,275.4,276.8,270.4,56.537,0.002,27155898,7458038784.0,2.608
585,HK.00700,2017-05-23 00:00:00,279.0,275.2,280.6,271.8,56.497,0.003,34952505,9679227904.0,-0.072
586,HK.00700,2017-05-24 00:00:00,275.6,273.6,275.8,269.0,56.168,0.002,23143763,6294594560.0,-0.581
587,HK.00700,2017-05-25 00:00:00,273.4,277.2,277.2,273.4,56.908,0.001,18057011,4979064320.0,1.315
588,HK.00700,2017-05-26 00:00:00,275.6,278.0,279.0,275.4,57.071,0.001,16821442,4657081856.0,0.288
589,HK.00700,2017-05-29 00:00:00,278.0,274.8,278.2,274.0,56.415,0.001,16775468,4615246848.0,-1.151
590,HK.00700,2017-05-31 00:00:00,274.8,267.6,277.0,267.4,54.937,0.003,37199378,10046997504.0,-2.62
591,HK.00700,2017-06-01 00:00:00,267.0,271.2,272.8,262.8,55.675,0.003,31879531,8561159168.0,1.345
592,HK.00700,2017-06-02 00:00:00,275.6,270.0,275.6,269.4,55.43,0.001,18058922,4916785664.0,-0.442
593,HK.00700,2017-06-05 00:00:00,271.8,271.6,273.6,269.0,55.757,0.001,12464553,3374718976.0,0.592
594,HK.00700,2017-06-06 00:00:00,272.2,273.6,273.8,271.6,56.168,0.001,12386827,3379855872.0,0.736
595,HK.00700,2017-06-07 00:00:00,274.6,272.8,275.6,270.8,56.004,0.001,13084272,3567880704.0,-0.292
596,HK.00700,2017-06-08 00:00:00,272.8,273.4,274.4,271.4,56.127,0.001,14994316,4090755072.0,0.219
597,HK.00700,2017-06-09 00:00:00,277.8,277.4,283.4,276.2,56.949,0.007,69183612,19328649216.0,1.463
598,HK.00700,2017-06-12 00:00:00,271.2,270.6,274.8,269.4,55.553,0.004,38020407,10349820928.0,-2.451
599,HK.00700,2017-06-13 00:00:00,273.6,272.4,273.6,271.0,55.922,0.002,23003533,6258624512.0,0.665
600,HK.00700,2017-06-14 00:00:00,274.0,277.4,277.4,273.0,56.949,0.002,22610380,6223741952.0,1.835
601,HK.00700,2017-06-15 00:00:00,277.0,273.0,277.0,273.0,56.044,0.001,18220693,5001137152.0,-1.586
602,HK.00700,2017-06-16 00:00:00,272.8,272.6,276.4,272.6,55.963,0.002,20927343,5729605632.0,-0.146
603,HK.00700,2017-06-19 00:00:00,274.8,278.8,279.0,274.2,57.236,0.001,16963532,4703707136.0,2.274
604,HK.00700,2017-06-20 00:00:00,282.8,280.0,283.8,279.2,57.483,0.001,16108404,4537991168.0,0.43
605,HK.00700,2017-06-21 00:00:00,280.2,279.2,281.6,277.0,57.318,0.001,16517148,4616141824.0,-0.285
606,HK.00700,2017-06-22 00:00:00,282.6,281.6,283.8,280.4,57.811,0.001,15573926,4390914048.0,0.859
607,HK.00700,2017-06-23 00:00:00,282.6,280.2,282.8,280.2,57.523,0.001,12763476,3590169344.0,-0.497
608,HK.00700,2017-06-26 00:00:00,281.0,284.0,285.0,280.8,58.304,0.001,16455438,4656410112.0,1.356
609,HK.00700,2017-06-27 00:00:00,284.6,288.0,288.4,282.8,59.125,0.002,20034778,5749918208.0,1.408
610,HK.00700,2017-06-28 00:00:00,284.0,282.8,287.0,282.0,58.056,0.002,25379040,7195833856.0,-1.805
611,HK.00700,2017-06-29 00:00:00,287.0,284.0,287.2,282.6,58.304,0.001,15915273,4530158080.0,0.424
612,HK.00700,2017-06-30 00:00:00,279.0,279.2,280.6,277.4,57.318,0.002,20917886,5850472960.0,-1.69
613,HK.00700,2017-07-03 00:00:00,278.4,280.8,280.8,277.8,57.646,0.001,12980644,3623301120.0,0.573
614,HK.00700,2017-07-04 00:00:00,278.8,269.2,279.2,266.4,55.264,0.004,39021127,10619459584.0,-4.131
615,HK.00700,2017-07-05 00:00:00,266.6,271.0,273.4,260.4,55.634,0.004,44469113,11918569472.0,0.668
616,HK.00700,2017-07-06 00:00:00,274.6,271.8,275.0,271.2,55.798,0.001,16896004,4602529280.0,0.295
617,HK.00700,2017-07-07 00:00:00,267.8,269.0,270.6,267.0,55.223,0.001,18051304,4865552896.0,-1.03
618,HK.00700,2017-07-10 00:00:00,270.0,271.6,272.0,269.4,55.757,0.001,13037177,3533963008.0,0.966
619,HK.00700,2017-07-11 00:00:00,273.8,278.4,279.0,273.8,57.153,0.001,18877039,5221278208.0,2.503
620,HK.00700,2017-07-12 00:00:00,279.6,281.2,283.2,279.0,57.729,0.001,15398833,4335438848.0,1.005
621,HK.00700,2017-07-13 00:00:00,285.6,284.4,286.4,282.6,58.386,0.001,18892847,5378774016.0,1.137
622,HK.00700,2017-07-14 00:00:00,285.0,284.8,285.4,282.4,58.467,0.001,11874513,3374542080.0,0.14
623,HK.00700,2017-07-17 00:00:00,288.0,285.0,288.8,284.2,58.508,0.001,14312139,4093517568.0,0.07
624,HK.00700,2017-07-18 00:00:00,286.6,286.8,287.4,285.2,58.879,0.001,11373710,3255641088.0,0.631
625,HK.00700,2017-07-19 00:00:00,289.8,298.0,298.8,288.8,61.178,0.002,28377010,8350418432.0,3.905
626,HK.00700,2017-07-20 00:00:00,299.8,297.0,300.0,296.0,60.972,0.001,15998923,4778842112.0,-0.335
627,HK.00700,2017-07-21 00:00:00,298.0,297.0,300.6,295.0,60.972,0.001,11572492,3447343104.0,0.0
628,HK.00700,2017-07-24 00:00:00,298.0,302.2,302.8,297.2,62.04,0.001,15577849,4684907520.0,1.75
629,HK.00700,2017-07-25 00:00:00,302.4,301.6,304.8,301.6,61.916,0.001,18337415,5558749696.0,-0.198
630,HK.00700,2017-07-26 00:00:00,303.0,301.0,303.6,298.0,61.793,0.001,15441362,4643829760.0,-0.198
631,HK.00700,2017-07-27 00:00:00,303.0,308.4,308.6,301.6,63.312,0.001,17309216,5296189952.0,2.458
632,HK.00700,2017-07-28 00:00:00,304.6,304.8,307.4,303.0,62.574,0.002,22259614,6795274240.0,-1.167
633,HK.00700,2017-07-31 00:00:00,305.4,313.4,314.4,305.4,64.338,0.002,21609121,6729305088.0,2.821
634,HK.00700,2017-08-01 00:00:00,309.0,314.4,317.4,309.0,64.544,0.002,20797165,6551839744.0,0.319
635,HK.00700,2017-08-02 00:00:00,315.0,312.6,317.8,311.8,64.175,0.001,18487436,5820236800.0,-0.572
636,HK.00700,2017-08-03 00:00:00,310.8,308.6,312.6,308.0,63.354,0.002,23471273,7272978432.0,-1.279
637,HK.00700,2017-08-04 00:00:00,311.2,311.4,315.4,309.8,63.929,0.001,17217901,5377473536.0,0.907
638,HK.00700,2017-08-07 00:00:00,315.4,320.6,321.4,315.0,65.818,0.002,21296305,6799570432.0,2.954
639,HK.00700,2017-08-08 00:00:00,320.4,328.6,328.6,320.0,67.459,0.002,22771430,7442227200.0,2.495
640,HK.00700,2017-08-09 00:00:00,326.0,330.2,333.0,326.0,67.788,0.002,26055300,8577586176.0,0.486
641,HK.00700,2017-08-10 00:00:00,328.0,326.6,330.4,322.8,67.049,0.002,27585584,9011054592.0,-1.09
642,HK.00700,2017-08-11 00:00:00,314.0,310.6,319.2,310.2,63.764,0.006,57667931,18112520192.0,-4.898
643,HK.00700,2017-08-14 00:00:00,314.0,324.0,324.8,314.0,66.515,0.003,30656758,9791815680.0,4.314
644,HK.00700,2017-08-15 00:00:00,328.0,318.8,330.4,318.8,65.447,0.002,23926140,7772540416.0,-1.604
645,HK.00700,2017-08-16 00:00:00,319.4,323.2,324.6,319.4,66.35,0.002,23592733,7603507200.0,1.38
646,HK.00700,2017-08-17 00:00:00,340.4,329.4,341.0,329.4,67.624,0.004,44326795,14811354112.0,1.918
647,HK.00700,2017-08-18 00:00:00,324.6,325.8,329.4,323.6,66.885,0.002,24215583,7919045120.0,-1.092
648,HK.00700,2017-08-21 00:00:00,330.0,326.0,330.4,326.0,66.926,0.001,15608008,5121529856.0,0.061
649,HK.00700,2017-08-22 00:00:00,328.0,324.0,329.2,324.0,66.515,0.001,14711626,4809936384.0,-0.613
650,HK.00700,2017-08-24 00:00:00,333.0,327.4,333.0,325.2,67.213,0.002,23429770,7680277504.0,1.049
651,HK.00700,2017-08-25 00:00:00,329.0,328.4,329.0,322.6,67.418,0.002,19929522,6499758080.0,0.305
652,HK.00700,2017-08-28 00:00:00,327.0,323.0,329.0,321.4,66.309,0.002,22343373,7245721088.0,-1.644
653,HK.00700,2017-08-29 00:00:00,320.2,319.8,322.0,314.6,65.652,0.002,22207064,7083439104.0,-0.99
654,HK.00700,2017-08-30 00:00:00,325.6,326.6,327.6,323.0,67.049,0.001,17631515,5736477696.0,2.126
655,HK.00700,2017-08-31 00:00:00,326.6,329.0,330.4,326.6,67.541,0.001,17317121,5693113856.0,0.734
656,HK.00700,2017-09-01 00:00:00,331.8,326.2,332.2,326.2,66.967,0.002,23454734,7705307136.0,-0.851
657,HK.00700,2017-09-04 00:00:00,325.0,322.0,326.0,321.4,66.105,0.001,15521481,5026783744.0,-1.287
658,HK.00700,2017-09-05 00:00:00,323.2,321.8,326.0,321.2,66.064,0.001,13836022,4472337408.0,-0.062
659,HK.00700,2017-09-06 00:00:00,320.8,324.2,325.6,319.2,66.556,0.001,17260324,5556168192.0,0.745
660,HK.00700,2017-09-07 00:00:00,326.6,320.6,326.8,320.4,65.818,0.001,16216841,5238323712.0,-1.11
661,HK.00700,2017-09-08 00:00:00,323.2,321.8,324.0,321.4,66.064,0.001,10837901,3494045696.0,0.374
662,HK.00700,2017-09-11 00:00:00,322.8,330.8,330.8,322.2,67.912,0.002,23848866,7816160768.0,2.796
663,HK.00700,2017-09-12 00:00:00,335.0,333.0,335.2,330.4,68.362,0.001,15271955,5081026560.0,0.665
664,HK.00700,2017-09-13 00:00:00,335.0,334.0,335.0,330.6,68.569,0.001,14802934,4928712704.0,0.3
665,HK.00700,2017-09-14 00:00:00,335.0,337.0,339.4,333.8,69.183,0.002,19055410,6426337280.0,0.898
666,HK.00700,2017-09-15 00:00:00,337.0,338.8,340.6,334.2,69.554,0.002,24571497,8313775104.0,0.534
667,HK.00700,2017-09-18 00:00:00,341.0,346.0,346.0,341.0,71.031,0.001,18391711,6336397312.0,2.125
668,HK.00700,2017-09-19 00:00:00,348.4,344.2,349.6,343.4,70.663,0.002,21945708,7612238336.0,-0.52
669,HK.00700,2017-09-20 00:00:00,343.0,346.4,347.4,343.0,71.113,0.001,13674167,4723840512.0,0.639
670,HK.00700,2017-09-21 00:00:00,345.0,347.2,348.4,344.4,71.277,0.001,14893320,5168203264.0,0.23
671,HK.00700,2017-09-22 00:00:00,344.0,346.2,347.2,343.2,71.072,0.001,14354595,4962259456.0,-0.288
672,HK.00700,2017-09-25 00:00:00,345.2,341.6,345.8,340.4,70.128,0.002,22328070,7654223872.0,-1.328
673,HK.00700,2017-09-26 00:00:00,330.0,337.6,339.2,328.6,69.307,0.003,34724499,11641183232.0,-1.17
674,HK.00700,2017-09-27 00:00:00,337.6,338.4,341.6,337.0,69.472,0.001,13521570,4586924544.0,0.236
675,HK.00700,2017-09-28 00:00:00,338.4,333.0,340.6,333.0,68.362,0.001,17292632,5827536384.0,-1.595
676,HK.00700,2017-09-29 00:00:00,334.6,336.2,337.4,333.2,69.019,0.001,12861135,4317367296.0,0.96
677,HK.00700,2017-10-03 00:00:00,345.6,346.8,346.8,341.6,71.195,0.001,18517760,6373964288.0,3.152
678,HK.00700,2017-10-04 00:00:00,348.4,349.4,351.0,348.0,71.73,0.001,11708684,4087576832.0,0.749
679,HK.00700,2017-10-06 00:00:00,353.4,352.0,353.6,350.2,72.263,0.001,13355238,4700925952.0,0.744
680,HK.00700,2017-10-09 00:00:00,352.0,349.0,353.0,348.6,71.648,0.001,13455864,4716538880.0,-0.852
681,HK.00700,2017-10-10 00:00:00,350.8,351.2,352.6,349.8,72.099,0.001,10823170,3800731392.0,0.63
682,HK.00700,2017-10-11 00:00:00,351.2,351.6,352.6,349.4,72.181,0.001,17642355,6197491200.0,0.113
683,HK.00700,2017-10-12 00:00:00,352.0,350.2,353.8,350.2,71.893,0.001,14874040,5231749120.0,-0.398
684,HK.00700,2017-10-13 00:00:00,347.2,349.2,350.2,346.4,71.689,0.002,20928347,7288594432.0,-0.285
685,HK.00700,2017-10-16 00:00:00,352.0,355.6,355.6,350.4,73.002,0.001,17588494,6215968256.0,1.832
686,HK.00700,2017-10-17 00:00:00,356.4,354.8,356.4,353.0,72.838,0.001,12885350,4572056064.0,-0.224
687,HK.00700,2017-10-18 00:00:00,349.6,354.6,354.8,349.6,72.797,0.001,11974333,4226714368.0,-0.056
688,HK.00700,2017-10-19 00:00:00,356.2,346.2,356.4,345.6,71.072,0.002,21617366,7588813824.0,-2.368
689,HK.00700,2017-10-20 00:00:00,348.0,349.6,350.6,348.0,71.771,0.001,14319859,5005396480.0,0.982
690,HK.00700,2017-10-23 00:00:00,351.6,348.6,351.6,347.4,71.566,0.001,9767821,3411226112.0,-0.286
691,HK.00700,2017-10-24 00:00:00,347.2,347.4,349.6,345.4,71.319,0.001,15417200,5354649088.0,-0.344
692,HK.00700,2017-10-25 00:00:00,348.2,352.0,352.6,348.0,72.263,0.001,12989841,4558568960.0,1.324
693,HK.00700,2017-10-26 00:00:00,348.8,347.0,350.6,346.4,71.236,0.001,15826872,5513591808.0,-1.42
694,HK.00700,2017-10-27 00:00:00,348.0,347.8,348.6,346.4,71.402,0.001,16161754,5615097856.0,0.23
695,HK.00700,2017-10-30 00:00:00,353.0,349.6,353.0,349.0,71.771,0.001,16538825,5795864064.0,0.517
696,HK.00700,2017-10-31 00:00:00,352.0,349.8,352.4,349.4,71.811,0.001,12706629,4459777024.0,0.057
697,HK.00700,2017-11-01 00:00:00,352.0,360.0,360.4,351.6,73.905,0.002,22026178,7842799616.0,2.915
698,HK.00700,2017-11-02 00:00:00,360.8,361.8,364.6,357.6,74.276,0.001,17931996,6492219392.0,0.499
699,HK.00700,2017-11-03 00:00:00,364.6,368.0,368.4,363.6,75.549,0.001,16625181,6098355200.0,1.713
700,HK.00700,2017-11-06 00:00:00,369.6,377.0,379.6,364.6,77.396,0.002,25043422,9315767296.0,2.445
701,HK.00700,2017-11-07 00:00:00,380.4,391.0,391.0,380.2,80.269,0.002,25585700,9916950528.0,3.713
702,HK.00700,2017-11-08 00:00:00,387.2,385.6,398.6,382.4,79.162,0.004,43983824,17131124736.0,-1.381
703,HK.00700,2017-11-09 00:00:00,385.2,387.8,392.4,385.2,79.613,0.002,23906595,9303831552.0,0.57
704,HK.00700,2017-11-10 00:00:00,383.4,385.4,390.8,383.4,79.121,0.001,17152006,6645934080.0,-0.618
705,HK.00700,2017-11-13 00:00:00,385.0,387.6,392.0,385.0,79.571,0.001,17666194,6873410048.0,0.57
706,HK.00700,2017-11-14 00:00:00,394.0,388.0,394.0,387.4,79.654,0.002,20492898,7984262656.0,0.103
707,HK.00700,2017-11-15 00:00:00,383.8,383.0,388.0,383.0,78.627,0.002,23436345,9027173376.0,-1.288
708,HK.00700,2017-11-16 00:00:00,388.2,391.8,393.8,384.0,80.434,0.003,32583706,12722793472.0,2.297
709,HK.00700,2017-11-17 00:00:00,397.0,403.4,405.0,397.0,82.816,0.003,34542285,13853648896.0,2.96
710,HK.00700,2017-11-20 00:00:00,405.4,420.0,420.0,405.4,86.223,0.003,35231740,14490489856.0,4.115
711,HK.00700,2017-11-21 00:00:00,425.0,430.0,439.6,420.8,88.277,0.005,50468370,21740032000.0,2.38
712,HK.00700,2017-11-22 00:00:00,437.0,426.8,438.0,424.4,87.62,0.004,39601842,17033994240.0,-0.744
713,HK.00700,2017-11-23 00:00:00,425.0,419.6,432.0,418.2,86.141,0.003,32014753,13589536768.0,-1.686
714,HK.00700,2017-11-24 00:00:00,418.8,415.8,424.0,414.6,85.361,0.003,33069910,13817191424.0,-0.905
715,HK.00700,2017-11-27 00:00:00,416.0,411.4,417.0,410.0,84.458,0.002,25746296,10645753856.0,-1.058
716,HK.00700,2017-11-28 00:00:00,408.0,419.2,419.4,402.2,86.059,0.004,39406800,16146293760.0,1.895
717,HK.00700,2017-11-29 00:00:00,422.2,411.6,422.8,410.8,84.5,0.002,27073413,11251409920.0,-1.812
718,HK.00700,2017-11-30 00:00:00,398.8,398.0,405.4,398.0,81.708,0.005,55969740,22443741184.0,-3.304
719,HK.00700,2017-12-01 00:00:00,398.0,385.0,402.0,385.0,79.039,0.008,79028748,30802276352.0,-3.266
720,HK.00700,2017-12-04 00:00:00,384.0,388.4,397.8,377.2,79.736,0.004,46134931,17941956608.0,0.883
721,HK.00700,2017-12-05 00:00:00,380.0,376.0,386.0,376.0,77.191,0.004,44389024,16918174720.0,-3.192
722,HK.00700,2017-12-06 00:00:00,375.0,366.0,381.4,365.2,75.138,0.006,58301277,21664724992.0,-2.659
723,HK.00700,2017-12-07 00:00:00,373.8,378.0,379.4,367.2,77.601,0.004,39232605,14687297536.0,3.278
724,HK.00700,2017-12-08 00:00:00,381.0,394.0,394.8,380.2,80.886,0.004,41462488,16119720960.0,4.232
725,HK.00700,2017-12-11 00:00:00,389.4,405.4,406.4,389.2,83.226,0.003,32016735,12767711232.0,2.893
726,HK.00700,2017-12-12 00:00:00,407.0,393.2,410.8,391.4,80.722,0.003,32544146,13035291648.0,-3.009
727,HK.00700,2017-12-13 00:00:00,395.0,395.6,399.4,387.4,81.214,0.002,22632354,8911794176.0,0.61
728,HK.00700,2017-12-14 00:00:00,401.0,397.2,402.6,392.6,81.542,0.001,16678498,6620888576.0,0.404
729,HK.00700,2017-12-15 00:00:00,392.4,389.0,394.6,389.0,79.86,0.002,23201046,9064185856.0,-2.064
730,HK.00700,2017-12-18 00:00:00,394.4,394.2,398.6,389.0,80.927,0.002,20264916,7989289984.0,1.336
731,HK.00700,2017-12-19 00:00:00,404.0,401.2,404.0,398.8,82.364,0.002,21109022,8477174272.0,1.775
732,HK.00700,2017-12-20 00:00:00,398.6,397.4,400.4,396.8,81.583,0.001,13394104,5335774720.0,-0.947
733,HK.00700,2017-12-21 00:00:00,397.0,399.8,402.4,395.2,82.077,0.001,18431377,7373741568.0,0.603
734,HK.00700,2017-12-22 00:00:00,403.8,405.8,405.8,400.8,83.308,0.001,16146080,6515706880.0,1.5
735,HK.00700,2017-12-27 00:00:00,407.8,401.2,407.8,401.0,82.364,0.001,16680601,6714266624.0,-1.133
736,HK.00700,2017-12-28 00:00:00,404.0,408.2,408.2,402.2,83.802,0.001,11662053,4736662528.0,1.744
737,HK.00700,2017-12-29 00:00:00,408.0,406.0,408.0,403.4,83.349,0.001,16601658,6743113216.0,-0.538
738,HK.00700,2018-01-02 00:00:00,408.0,417.8,418.0,407.6,85.772,0.002,24080505,10011333632.0,2.906
739,HK.00700,2018-01-03 00:00:00,424.0,422.2,426.8,419.0,86.676,0.002,22780154,9638247424.0,1.053
740,HK.00700,2018-01-04 00:00:00,427.0,431.8,432.4,424.2,88.647,0.002,27904538,11967516672.0,2.273
741,HK.00700,2018-01-05 00:00:00,436.4,433.2,436.4,428.2,88.933,0.002,19958447,8614180864.0,0.324
742,HK.00700,2018-01-08 00:00:00,436.2,438.6,439.2,433.8,90.042,0.001,17994826,7856873472.0,1.246
743,HK.00700,2018-01-09 00:00:00,441.0,443.8,446.4,439.0,91.11,0.002,24476517,10848563200.0,1.185
744,HK.00700,2018-01-10 00:00:00,445.8,440.4,446.2,440.0,90.412,0.001,18007353,7968681472.0,-0.766
745,HK.00700,2018-01-11 00:00:00,436.0,429.4,438.0,429.4,88.153,0.002,27635787,11945763840.0,-2.497
746,HK.00700,2018-01-12 00:00:00,431.8,442.2,442.2,430.8,90.781,0.002,19198950,8381049344.0,2.98
747,HK.00700,2018-01-15 00:00:00,445.4,433.2,448.8,433.2,88.933,0.002,23394615,10320308224.0,-2.035
748,HK.00700,2018-01-16 00:00:00,436.0,444.2,444.8,435.0,91.192,0.002,20592159,9098469376.0,2.539
749,HK.00700,2018-01-17 00:00:00,443.0,449.0,449.0,439.2,92.178,0.002,24879570,11066595328.0,1.08
750,HK.00700,2018-01-18 00:00:00,452.6,447.8,454.0,444.8,91.93,0.002,21795983,9800451072.0,-0.267
751,HK.00700,2018-01-19 00:00:00,452.2,452.4,453.0,448.0,92.875,0.001,14749167,6648683008.0,1.027
752,HK.00700,2018-01-22 00:00:00,455.0,460.0,460.0,450.4,94.435,0.002,19364906,8841469952.0,1.679
753,HK.00700,2018-01-23 00:00:00,466.2,474.6,474.6,463.6,97.432,0.002,23871965,11195016192.0,3.173
754,HK.00700,2018-01-24 00:00:00,474.0,469.0,474.4,466.8,96.283,0.002,24929026,11729419264.0,-1.179
755,HK.00700,2018-01-25 00:00:00,466.2,458.0,468.2,458.0,94.025,0.002,27732428,12821917696.0,-2.345
756,HK.00700,2018-01-26 00:00:00,464.2,471.2,471.2,464.0,96.735,0.002,22012532,10310863872.0,2.882
757,HK.00700,2018-01-29 00:00:00,473.8,471.6,476.6,466.4,96.817,0.002,22504576,10608506880.0,0.084
758,HK.00700,2018-01-30 00:00:00,463.2,461.8,469.6,461.2,94.805,0.002,22255680,10333929472.0,-2.078
759,HK.00700,2018-01-31 00:00:00,455.6,463.6,468.4,455.2,95.175,0.002,27609235,12754796544.0,0.389
760,HK.00700,2018-02-01 00:00:00,466.0,460.0,466.8,460.0,94.435,0.001,17119372,7917368320.0,-0.776
761,HK.00700,2018-02-02 00:00:00,459.0,452.4,460.0,451.0,92.875,0.002,24328782,11080881152.0,-1.652
762,HK.00700,2018-02-05 00:00:00,433.8,441.0,445.8,432.8,90.535,0.004,40391973,17778458624.0,-2.519
763,HK.00700,2018-02-06 00:00:00,423.0,410.0,425.4,407.2,84.17,0.009,86849711,36273328128.0,-7.029
764,HK.00700,2018-02-07 00:00:00,430.0,414.8,432.8,413.2,85.156,0.006,61051730,25868888064.0,1.17
765,HK.00700,2018-02-08 00:00:00,418.8,420.2,424.0,414.0,86.264,0.003,35437925,14875059200.0,1.301
766,HK.00700,2018-02-09 00:00:00,403.0,407.4,411.0,398.0,83.637,0.007,69156760,27953813504.0,-3.046
767,HK.00700,2018-02-12 00:00:00,412.8,409.6,419.8,409.6,84.088,0.003,33853960,14074696704.0,0.54
768,HK.00700,2018-02-13 00:00:00,419.2,422.4,425.6,418.0,86.717,0.002,23705127,9999015936.0,3.124
769,HK.00700,2018-02-14 00:00:00,428.6,433.6,435.0,426.4,89.015,0.002,22285259,9597171712.0,2.651
770,HK.00700,2018-02-15 00:00:00,444.4,447.0,447.0,441.8,91.766,0.001,16354787,7268701184.0,3.09
771,HK.00700,2018-02-20 00:00:00,450.0,445.8,453.0,444.8,91.521,0.002,20482027,9191828480.0,-0.268
772,HK.00700,2018-02-21 00:00:00,448.6,458.0,458.0,447.2,94.025,0.002,20404622,9252272128.0,2.736
773,HK.00700,2018-02-22 00:00:00,455.0,446.4,455.2,446.4,91.643,0.002,22385045,10103931904.0,-2.532
774,HK.00700,2018-02-23 00:00:00,454.0,453.4,454.6,449.4,93.081,0.001,14992072,6785911808.0,1.568
775,HK.00700,2018-02-26 00:00:00,456.0,453.0,457.0,448.4,92.999,0.002,21252148,9607595008.0,-0.088
776,HK.00700,2018-02-27 00:00:00,458.0,446.0,458.0,442.2,91.561,0.002,22008908,9892032512.0,-1.545
777,HK.00700,2018-02-28 00:00:00,439.0,432.2,440.0,431.0,88.728,0.003,32560086,14167754752.0,-3.094
778,HK.00700,2018-03-01 00:00:00,430.0,447.0,447.4,428.0,91.766,0.002,27113483,11933605888.0,3.424
779,HK.00700,2018-03-02 00:00:00,437.0,436.0,440.6,436.0,89.509,0.002,25891511,11341295616.0,-2.46
780,HK.00700,2018-03-05 00:00:00,436.0,425.0,439.6,425.0,87.25,0.002,24038693,10358473728.0,-2.522
781,HK.00700,2018-03-06 00:00:00,435.0,438.6,444.0,430.0,90.042,0.002,24812525,10862231552.0,3.2
782,HK.00700,2018-03-07 00:00:00,435.2,434.2,441.2,430.0,89.138,0.002,19256638,8378697216.0,-1.003
783,HK.00700,2018-03-08 00:00:00,440.0,443.0,444.0,438.0,90.945,0.001,17506389,7737290240.0,2.026
784,HK.00700,2018-03-09 00:00:00,445.0,447.0,448.2,445.0,91.766,0.001,13025075,5813403136.0,0.902
785,HK.00700,2018-03-12 00:00:00,455.4,460.0,460.0,454.8,94.435,0.002,25513013,11660310528.0,2.908
786,HK.00700,2018-03-13 00:00:00,460.0,462.8,462.8,455.8,95.011,0.001,18501646,8515214336.0,0.608
787,HK.00700,2018-03-14 00:00:00,457.4,463.6,463.8,453.6,95.175,0.002,22611788,10323250176.0,0.172
788,HK.00700,2018-03-15 00:00:00,459.2,468.6,470.0,458.0,96.202,0.002,24702582,11506628608.0,1.078
789,HK.00700,2018-03-16 00:00:00,467.0,465.2,472.8,465.2,95.503,0.002,23898970,11179189248.0,-0.725
790,HK.00700,2018-03-19 00:00:00,465.0,461.8,470.4,461.8,94.805,0.001,16287008,7584356352.0,-0.73
791,HK.00700,2018-03-20 00:00:00,456.4,466.6,468.4,456.0,95.791,0.002,21953314,10158754816.0,1.039
792,HK.00700,2018-03-21 00:00:00,472.2,462.6,475.6,460.6,94.97,0.002,28243967,13278686208.0,-0.857
793,HK.00700,2018-03-22 00:00:00,451.6,439.4,459.0,438.6,48.237,0.007,71848311,32204685312.0,-5.015
794,HK.00700,2018-03-23 00:00:00,405.0,420.0,424.8,405.0,46.108,0.032,308436765,126137966592.0,-4.415
795,HK.00700,2018-03-26 00:00:00,419.4,426.6,431.0,412.4,46.832,0.004,47299723,19913240576.0,1.571
796,HK.00700,2018-03-27 00:00:00,435.2,432.2,438.6,430.2,47.446,0.004,42644182,18516918272.0,1.312
797,HK.00700,2018-03-28 00:00:00,420.0,412.2,427.4,411.4,45.25,0.005,48964699,20468643840.0,-4.627
798,HK.00700,2018-03-29 00:00:00,414.0,409.6,417.0,405.2,44.965,0.004,41115421,16899465216.0,-0.63
799,HK.00700,2018-04-03 00:00:00,404.6,409.4,412.4,400.6,44.944,0.003,32886586,13371121664.0,-0.048
800,HK.00700,2018-04-04 00:00:00,408.2,397.6,412.0,397.6,43.648,0.003,35861711,14454636544.0,-2.882
801,HK.00700,2018-04-06 00:00:00,404.8,405.8,409.6,400.4,44.548,0.002,26586340,10780751872.0,2.062
802,HK.00700,2018-04-09 00:00:00,408.0,410.0,414.6,404.2,45.009,0.002,21220762,8701467648.0,1.034
803,HK.00700,2018-04-10 00:00:00,413.0,417.2,418.6,409.4,45.799,0.002,25584002,10638297088.0,1.756
804,HK.00700,2018-04-11 00:00:00,421.0,419.6,425.6,417.2,46.063,0.002,23911389,10066633728.0,0.575
805,HK.00700,2018-04-12 00:00:00,422.4,413.2,423.6,408.8,45.361,0.002,20604298,8539267584.0,-1.525
806,HK.00700,2018-04-13 00:00:00,416.6,408.0,416.8,407.2,44.79,0.002,19567202,8022093824.0,-1.258
